geom_type,lon,lat,@id,bench,bin,bus,covered,highway,lit,local_ref,name,public_transport,ref,tactile_paving,wheelchair,addr:country,operator,shelter,network,check_date,check_date:bench,check_date:bin,check_date:shelter,check_date:tactile_paving,departures_board,mapillary,ref:signed,note,transportation,pole,phone,alt_name,bus_stop:category,was:highway,survey:date,fixme,amenity,facility_manager,source:position,status,users_PLWD,users_boy,users_elderly,users_female,users_girl,users_men,name:signed,name:en
Point,-8.6763618,37.1072459,node/266316091,yes,yes,yes,yes,bus_stop,yes,2,Terminal Rodoviário,platform,2,no,limited,,,,,,,,,,,,,,,,,,,,,,,,,,,,,,,,,
Point,3.3674144,6.5417787,node/1423114427,,,,,bus_stop,,,BRT Palmgrove,platform,,,,,,,,,,,,,,,,,,,,,,,,,,,,,,,,,,,,
Point,3.367578,6.5465534,node/1423114428,,,,,bus_stop,,,BRT Obanikoro,platform,,,,,,,,,,,,,,,,,,,,,,,,,,,,,,,,,,,,
Point,3.3645844,6.5059942,node/1423114429,,,,,bus_stop,,,BRT Barracks,platform,,,,,,,,,,,,,,,,,,,,,,,,,,,,,,,,,,,,
Point,3.3864292,6.5983761,node/1423114431,,,yes,,bus_stop,,,BRT Ketu,platform,,,,,,,,,,,,,,,,,,,,,,,,,,,,,,,,,,,,
Point,3.3676887,6.5249219,node/1423114432,,,yes,,bus_stop,,,Fadeyi Bus Stop,platform,,,,NG,LAMATA,yes,,,,,,,,,,,,,,,,,,,,,,,,,,,,,,
Point,3.3782136,6.5001473,node/1513671680,,,,,bus_stop,,,Alagomeji,,,,,,,,,,,,,,,,,,,,,,,,,,,,,,,,,,,,,
Point,3.3801169,6.4970901,node/1513671684,,,,,bus_stop,,,Casino,,,,,,,,,,,,,,,,,,,,,,,,,,,,,,,,,,,,,
Point,3.3774681,6.5021015,node/1513671690,,,,,bus_stop,,,Spencer,,,,,,,,,,,,,,,,,,,,,,,,,,,,,,,,,,,,,
Point,3.2956935,6.599954,node/1577482636,,,yes,,bus_stop,,,Bakery,platform,,,,,,,,,,,,,,,,,,,,,,,,,,,,,,,,,,,,
Point,3.295816,6.6001365,node/1577482674,,,yes,,bus_stop,,,Bakery,platform,,,,,,,,,,,,,,,,,,,,,,,,,,,,,,,,,,,,
Point,3.2971865,6.6004622,node/1577482955,,,yes,,bus_stop,,,Micom,platform,,,,,,,,,,,,,,,,,,,,,,,,,,,,,,,,,,,,
Point,3.2974606,6.6004652,node/1578567850,,,yes,,bus_stop,,,Micom,platform,,,,,,,,,,,,,,,,,,,,,,,,,,,,,,,,,,,,
Point,-8.6757698,37.1130845,node/1594773197,yes,yes,yes,,bus_stop,yes,,Sitio da Ponte,platform,,no,,,ONDA,yes,Transportes Urbanos de Lagos,,,,,,,,,,,,,,,,,,,,,,,,,,,,,
Point,-8.6733198,37.0954088,node/1594773415,yes,,yes,,bus_stop,,,Bombeiros,platform,,,,,ONDA,yes,Transportes Urbanos de Lagos,,,,,,,,,,,,,,,,,,,,,,,,,,,,,
Point,-8.6733076,37.1192856,node/1595075760,yes,no,yes,,bus_stop,,,Telheiro - EN125,platform,Telheiro - EN125 3 rosa,no,,,municipal,yes,onda,2025-02-08,2025-02-08,2025-02-08,2025-02-08,2025-02-08,timetable,939067973594719,,,,,,,,,,,,,,,,,,,,,,
Point,-8.6633847,37.1360837,node/1595075763,,,yes,,bus_stop,,,Torre (nascente),platform,Torre (nascente) 3 onda rosa,,,,municipal,yes,onda,,,,,,timetable,,,,,,,,,,,,,,,,,,,,,,,
Point,-8.668006,37.13066,node/1706914587,yes,no,yes,,bus_stop,yes,,Chinicato - EN125 (sul),platform,,no,,,,yes,,,,,,,,,,,,,,,,,,,,,,,,,,,,,,
Point,-8.7227183,37.1550214,node/1710554488,no,no,,,bus_stop,yes,,Paraíso,platform,,no,,,,no,,,,,,,,,no,,,,,,,,,,,,,,,,,,,,,
Point,-8.717677,37.1494983,node/1710555008,no,no,,,bus_stop,no,,Poço do Vale,platform,,no,,,,no,,,,,,,,,,,,,,,,,,,,,,,,,,,,,,
Point,3.3998072,6.6057316,node/2335292454,,,yes,,bus_stop,,,Mile 12 Bus Stop,stop_position,,,,,,,,,,,,,,,,,,,,,,,,,,,,,,,,,,,,
Point,3.251099,6.5658262,node/2541435553,,,yes,,bus_stop,,,Oko-Filling,platform,,,,,,,,,,,,,,,,,,,,,,,,,,,,,,,,,,,,
Point,3.3866909,6.4629402,node/2541613435,,,,,bus_stop,,,Idumota,,,,,,,,,,,,,,,,,A major bus stop on the Lagos Island,,,,,,,,,,,,,,,,,,,,
Point,-8.6714169,37.1561022,node/2606427934,no,,yes,,bus_stop,,,Quinta das Achadas / Ponte de Moira,platform,,,,,,no,,,,,,,,,,,,,,,,,,,,,,,,,,,,,,
Point,-8.7686133,37.0949467,node/2975038459,yes,,,,bus_stop,no,,Almádena,platform,,,,,EVA,yes,,,,,,,,,,,bus_stop,,,,,,,,,,,,,,,,,,,
Point,3.2722601,6.5462266,node/3085114169,,,,,bus_stop,,,Synagogue Bus-Stop,,,,,,,,,,,,,,,,,,,,,,,,,,,,,,,,,,,,,
Point,3.5297134,6.4410322,node/3095002640,,,,,bus_stop,,,Chevron,,,,,,,,,,,,,,,,,,,,,,,,,,,,,,,,,,,,,
Point,3.5320166,6.4417146,node/3095002719,,,,,bus_stop,,,Chevron,,,,,,,,,,,,,,,,,,,,,,,,,,,,,,,,,,,,,
Point,3.2419941,6.4991475,node/3742522981,,,yes,,bus_stop,,,Last bus stop,platform,,,,,,,,,,,,,,,,,,,,,,,,,,,,,,,,,,,,
Point,-8.737248,37.0996778,node/3786097412,no,no,yes,,bus_stop,,,Espiche,platform,,,,,ONDA,no,,,,,,,,,,,,,,,,,,,,,,,,,,,,,,
Point,-8.6748119,37.1072145,node/3786100086,yes,no,yes,,bus_stop,yes,,Avenida dos Descobrimentos - Marina,platform,,no,,,ONDA,yes,Transportes Urbanos de Lagos,,,,,,,,no,,,,,,,,,,,,,,,,,,,,,
Point,-8.6824743,37.1002002,node/3786100287,yes,,yes,,bus_stop,,,Escola Júlio Dantas (Sul),platform,,,,,ONDA,yes,,,,,,,,,,,,,,,,,,,,,,,,,,,,,,
Point,-8.6883513,37.101236,node/3786102721,no,no,yes,,bus_stop,,,Centro de Saúde,platform,,,,,ONDA,no,,,,,,,,,,,,,,,,,,,,,,,,,,,,,,
Point,-8.7047856,37.1624581,node/4236173623,no,yes,,,bus_stop,,,Colinas Verdes,platform,,,,,ONDA,no,,,,,,,,,,,,,,,,,,,,,,,,,,,,,,
Point,3.2452682,6.4992937,node/4348858649,,,yes,,bus_stop,,,Iya Segun bus stop,platform,,,,,,,,,,,,,,,,,,,,,,,,,,,,,,,,,,,,
Point,3.383897,6.5095116,node/4394960000,,,,,bus_stop,,,Onike R / A,,,,,,,,,,,,,,,,,,,,,,,,,,,,,,,,,,,,,
Point,-8.6732754,37.1225191,node/4600032909,,,yes,,bus_stop,,,Aeródromo - EN125,platform,,,,,,no,,,,,,,,,,,,,,,,,,,,,,,,,,,,,,
Point,-8.6730144,37.1228329,node/4600032910,no,,yes,,bus_stop,,,Aeródromo - EN125,platform,,,,,,no,,,,,2022-09-06,,,,,,,,,,,,,,,,,,,,,,,,,
Point,-8.6716082,37.1086939,node/4600033551,yes,no,yes,,bus_stop,yes,,Estação CP,platform,,no,,,ONDA,yes,Transportes Urbanos de Lagos,,,,,,,,no,,,,,,,,,,,,,,,,,,,,,
Point,-8.6879386,37.1078063,node/4600216775,,,yes,,bus_stop,,,Cemitério Novo,platform,,,,,,,,,,,,,,,,,,yes,,,,,,,,,,,,,,,,,,
Point,-8.6879675,37.1076134,node/4600216776,yes,,yes,,bus_stop,,,Cemitério Novo,platform,,,,,,yes,,,,,,,,,,,,,,,,,,,,,,,,,,,,,,
Point,-8.6728974,37.1040789,node/4611962298,yes,no,yes,,bus_stop,yes,,Portas de Portugal - Mercado,platform,,no,,,ONDA,yes,Transportes Urbanos de Lagos,,,,,,,,,,,,,,,,,,,,,,,,,,,,,
Point,3.2156075,6.5291967,node/4720420511,,,,,bus_stop,,,Adexson Ilepo Busstop,,,,,,,,,,,,,,,,,,,,,,,,,,,,,,,,,,,,,
Point,-8.6731704,37.0940785,node/4730643374,,,yes,,bus_stop,,,Lar J. Filipe Fialho (Norte),platform,,,,,ONDA,no,Transportes Urbanos de Lagos,,,,,,,,,,,,,,,,,,,,,,,,,,,,,
Point,-8.6732388,37.0939373,node/4730643375,yes,,yes,,bus_stop,,,Lar J. Filipe Fialho (Sul),platform,,,,,ONDA,yes,Transportes Urbanos de Lagos,,,,,,,,,,,,,,,,,,,,,,,,,,,,,
Point,3.4670081,6.4305929,node/5194462785,,,,,bus_stop,,,,,,,,,,,,,,,,,,,,,,,,,,,,,,,,,,,,,,,,
Point,3.4669598,6.4309154,node/5194462786,,,,,bus_stop,,,,,,,,,,,,,,,,,,,,,,,,,,,,,,,,,,,,,,,,
Point,3.4700022,6.4309502,node/5194462787,,,,,bus_stop,,,,,,,,,,,,,,,,,,,,,,,,,,,,,,,,,,,,,,,,
Point,3.4702002,6.4313941,node/5194462788,,,,,bus_stop,,,,,,,,,,,,,,,,,,,,,,,,,,,,,,,,,,,,,,,,
Point,3.4810817,6.4329767,node/5194462789,,,,,bus_stop,,,,,,,,,,,,,,,,,,,,,,,,,,,,,,,,,,,,,,,,
Point,3.4811464,6.432643,node/5194462790,,,,,bus_stop,,,,,,,,,,,,,,,,,,,,,,,,,,,,,,,,,,,,,,,,
Point,3.4832569,6.4332951,node/5194462791,,,,,bus_stop,,,,,,,,,,,,,,,,,,,,,,,,,,,,,,,,,,,,,,,,
Point,3.4833216,6.4329675,node/5194462792,,,,,bus_stop,,,,,,,,,,,,,,,,,,,,,,,,,,,,,,,,,,,,,,,,
Point,3.4898773,6.4342716,node/5194462793,,,,,bus_stop,,,,,,,,,,,,,,,,,,,,,,,,,,,,,,,,,,,,,,,,
Point,3.4899256,6.4339385,node/5194462794,,,,,bus_stop,,,,,,,,,,,,,,,,,,,,,,,,,,,,,,,,,,,,,,,,
Point,3.4921089,6.4345888,node/5194462796,,,,,bus_stop,,,,,,,,,,,,,,,,,,,,,,,,,,,,,,,,,,,,,,,,
Point,3.4921411,6.4341877,node/5194462797,,,yes,,bus_stop,,,,platform,,,,,,,,,,,,,,,,,,,,,,,,,,,,,,,,,,,,
Point,3.5018694,6.4360286,node/5194462798,,,,,bus_stop,,,,,,,,,,,,,,,,,,,,,,,,,,,,,,,,,,,,,,,,
Point,3.5019341,6.4356857,node/5194462799,,,,,bus_stop,,,,,,,,,,,,,,,,,,,,,,,,,,,,,,,,,,,,,,,,
Point,3.5039337,6.4363409,node/5194462800,,,,,bus_stop,,,,,,,,,,,,,,,,,,,,,,,,,,,,,,,,,,,,,,,,
Point,3.5044969,6.4425184,node/5194462801,,,yes,,bus_stop,,,,platform,,,,,,,,,,,,,,,,,,,,,,,,,,,,,,,,,,,,
Point,3.5091629,6.4370797,node/5194462802,,,,,bus_stop,,,,,,,,,,,,,,,,,,,,,,,,,,,,,,,,,,,,,,,,
Point,3.5092245,6.4367399,node/5194462803,,,,,bus_stop,,,,,,,,,,,,,,,,,,,,,,,,,,,,,,,,,,,,,,,,
Point,3.5205213,6.4386993,node/5194462804,,,,,bus_stop,,,,,,,,,,,,,,,,,,,,,,,,,,,,,,,,,,,,,,,,
Point,3.5205829,6.4383594,node/5194462805,,,,,bus_stop,,,,,,,,,,,,,,,,,,,,,,,,,,,,,,,,,,,,,,,,
Point,3.5227519,6.4390299,node/5194462806,,,,,bus_stop,,,,,,,,,,,,,,,,,,,,,,,,,,,,,,,,,,,,,,,,
Point,3.522832,6.4386931,node/5194462807,,,,,bus_stop,,,,,,,,,,,,,,,,,,,,,,,,,,,,,,,,,,,,,,,,
Point,3.529829,6.4407177,node/5194462808,,,,,bus_stop,,,Chevron,,,,,,,,,,,,,,,,,,,,,,,,,,,,,,,,,,,,,
Point,3.5319104,6.4419224,node/5194462809,,,,,bus_stop,,,Chevron,,,,,,,,,,,,,,,,,,,,,,,,,,,,,,,,,,,,,
Point,3.325181,6.5538125,node/5206471624,,,,,bus_stop,,,Stop over bus stop,,,,,,,,,,,,,,,,,,,,,,,,,,,,,,,,,,,,,
Point,3.3288226,6.5521983,node/5206477223,,,,,bus_stop,,,Ajao Estate main entrance,,,,,,,,,,,,,,,,,,,,,,,,,,,,,,,,,,,,,
Point,3.3291611,6.5520558,node/5212289128,,,,,bus_stop,,,Junction bus stop,,,,,,,,,,,,,,,,,,,,,,,,,,,,,,,,,,,,,
Point,3.6175314,6.4750816,node/5246332118,,,yes,,bus_stop,,,,platform,,,,,,,,,,,,,,,,,,,,,,,,,,,,,,,,,,,,
Point,-8.734561,37.155309,node/5396505721,no,,,,bus_stop,,,Bensafrim Junta,platform,,,,,,yes,,,,,,,,,,,,,,,,,,,,,,,,,,,,,,
Point,-8.7592579,37.147955,node/5396506421,no,,yes,,bus_stop,,,Monte Figueiras,platform,,,,,,no,,,,,,,,,,,,,,,,,,,,,,,,,,,,,,
Point,-8.7692647,37.1438338,node/5396506422,no,,yes,,bus_stop,,,Carrasqueira,platform,,,,,,no,,,,,,,,,,,,,,,,,,,,,,,,,,,,,,
Point,3.5896508,6.470832,node/5582073426,,,yes,,bus_stop,,,General Paint Bus Stop,platform,,,,,,,,,,,,,,,,,,,,,,,,,,,,,,,,,,,,
Point,3.3572665,6.6154055,node/5649291344,,,yes,,bus_stop,,,Ikeja City Mall,platform,,,,,,,,,,,,,,,,,,,,,,,,,,,,,,,,,,,,
Point,3.3569029,6.6153805,node/5649291345,,,yes,,bus_stop,,,Ikeja City Mall,platform,,,,,,,,,,,,,,,,,,,,,,,,,,,,,,,,,,,,
Point,3.408765,6.4376645,node/5661711530,,,yes,,bus_stop,,,Bonny Camp,platform,,,,,,,,,,,,,,,,,,,,,,,,,,,,,,,,,,,,
Point,3.4095706,6.4381611,node/5661711531,,,yes,,bus_stop,,,Bonny Camp,platform,,,,,,,,,,,,,,,,,,,,,,,,,,,,,,,,,,,,
Point,3.4076698,6.4377773,node/5661711532,,,yes,,bus_stop,,,Bonny Camp,platform,,,,,,,,,,,,,,,,,,,,,,,,,,,,,,,,,,,,
Point,3.4074847,6.4374708,node/5661711533,,,yes,,bus_stop,,,phone tracking,platform,,,,,,,,,,,,,,,,,,,08166318737,,,,,,,,,,,,,,,,,
Point,3.4260352,6.4444127,node/5661711556,yes,no,yes,,bus_stop,,,Falomo,platform,,,,,,yes,,,,,,,,,,,,,,,,,,,,,,,,,,,,,,
Point,3.4258296,6.4446043,node/5661711557,yes,no,yes,,bus_stop,,,Falomo,platform,,,,,,yes,,,,,,,,,,,,,,,,,,,,,,,,,,,,,,
Point,3.4307082,6.4541624,node/5661711558,,,yes,,bus_stop,,,,platform,,,,,,,,,,,,,,,,,,,,,,,,,,,,,,,,,,,,
Point,3.4310456,6.4542411,node/5661711559,,,yes,,bus_stop,,,,platform,,,,,,,,,,,,,,,,,,,,,,,,,,,,,,,,,,,,
Point,3.3084254,6.5412545,node/5665683280,,,,,bus_stop,,,,,,,,,,,,,,,,,,,,,,,,,,,,,,,,,,,,,,,,
Point,3.4114056,6.430141,node/5673266187,,,yes,,bus_stop,,,,platform,,,,,,,,,,,,,,,,,,,,,,,,,,,,,,,,,,,,
Point,3.4111437,6.4302597,node/5673266188,,,yes,,bus_stop,,,,platform,,,,,,,,,,,,,,,,,,,,,,,,,,,,,,,,,,,,
Point,3.4789258,6.6735129,node/5674250721,,,,,bus_stop,,,Elele Bus stop,,,,,,,,,,,,,,,,,,,,,,,,,,,,,,,,,,,,,
Point,3.4777726,6.6721319,node/5674250722,,,,,bus_stop,,,Lawyer,,,,,,,,,,,,,,,,,,,,,,,,,,,,,,,,,,,,,
Point,3.474762,6.6196284,node/5674250723,,,,,bus_stop,,,Ogolonto,,,,,,,,,,,,,,,,,,,,,,,,,,,,,,,,,,,,,
Point,3.4784523,6.6730292,node/5674250821,,,,,bus_stop,,,Agape,,,,,,,,,,,,,,,,,,,,,,,,,,,,,,,,,,,,,
Point,3.4759899,6.6566872,node/5674250822,,,,,bus_stop,,,Asolo,,,,,,,,,,,,,,,,,,,,,,,,,,,,,,,,,,,,,
Point,3.4308879,6.4544702,node/5674250824,,,yes,,bus_stop,,,Golden Gate,platform,,,,,,,,,,,,,,,,,,,,,,,,,,,,,,,,,,,,
Point,3.4781867,6.6726183,node/5674250921,,,,,bus_stop,,,Major,,,,,,,,,,,,,,,,,,,,,,,,,,,,,,,,,,,,,
Point,3.4839309,6.6254126,node/5674251021,,,,,bus_stop,,,Agric,,,,,,,,,,,,,,,,,,,,,,,,,,,,,,,,,,,,,
Point,3.4351838,6.4454158,node/5676295239,,,yes,,bus_stop,,,,platform,,,,,,,,,,,,,,,,,,,,,,,,,,,,,,,,,,,,
Point,3.435917,6.4458661,node/5676295240,,,yes,,bus_stop,,,,platform,,,,,,,,,,,,,,,,,,,,,,,,,,,,,,,,,,,,
Point,3.4182258,6.4363867,node/5703157712,,,yes,,bus_stop,,,Oniru,platform,,,,,,,,,,,,,,,,,,,,,,,,,,,,,,,,,,,,
Point,3.4189453,6.4367405,node/5703157713,,,yes,,bus_stop,,,Oniru,platform,,,,,,,,,,,,,,,,,,,,,,,,,,,,,,,,,,,,
Point,3.4266989,6.4391004,node/5729098591,,,yes,,bus_stop,,,Law School,platform,,,,,,,,,,,,,,,,,,,,,,,,,,,,,,,,,,,,
Point,3.4249643,6.4388774,node/5729098592,,,yes,,bus_stop,,,Law School,platform,,,,,,,,,,,,,,,,,,,,,,,,,,,,,,,,,,,,
Point,-8.6522696,37.1505853,node/5752390427,yes,,yes,,bus_stop,,,Odiáxere - Escola 1° Ciclo (Norte),platform,Odiáxere - Esc. 1o Ciclo (norte) 3 Onda Rosa,,,,municipal,yes,Onda,,,,,,timetable,,,,,,,Odiáxere - Esc. 1° Ciclo (Norte),,,,,,,,,,,,,,,,
Point,-8.6598674,37.1468606,node/5752390432,yes,no,yes,,bus_stop,yes,,Urb. Varandas de S. Francisco,platform,,no,,,,yes,,,,,2025-02-08,,,,,,,,,,,,,,,,,,,,,,,,,
Point,-8.6659695,37.1326571,node/5752390437,no,no,yes,,bus_stop,,,,platform,,no,,,,no,,,,,,,,,,,,,,,,,,,,,,,,,,,,,,
Point,-8.6658499,37.1325368,node/5752390442,no,no,yes,,bus_stop,,,,platform,,no,,,,no,,,,,,,,,,,,,,,,,,,,,,,,,,,,,,
Point,-8.6571081,37.1490284,node/5752390450,no,yes,yes,,bus_stop,yes,,Largo da Esperança,platform,,no,,,ONDA,no,,,,,,,,,,,,,,,,,,,,,,,,,,,,,,
Point,-8.6391889,37.1576973,node/5752390454,yes,,,,bus_stop,,,,,,,,,,no,,,,,,,,,,,,,,,,,,,,,,,,,,,,,,
Point,-8.6394426,37.1578416,node/5752390469,no,,,,bus_stop,,,,,,,,,,no,,,,,2026-06-19,,,,,,,,,,,,,,,,,,,,,,,,,
Point,-8.6558977,37.1493493,node/5752390474,yes,,yes,,bus_stop,,,Largo da Liberdade,platform,,,,,,yes,,,,,2025-02-08,,,,,,,,,,,,,,,,,,,,,,,,,
Point,-8.6621831,37.1430455,node/5752390479,yes,no,yes,,bus_stop,yes,,Vale da Igreja,platform,,no,,,,yes,,,,,,,,,,,,,,,,,,,,,,,,,,,,,,
Point,-8.6693885,37.1296289,node/5752390483,yes,no,yes,,bus_stop,yes,,Chinicato - EN125,platform,,no,,,municipal,yes,onda,,,,,,timetable,,,,,,,,,,,,,,,,,,,,,,,
Point,-8.6619986,37.1430099,node/5752390487,no,no,yes,,bus_stop,,,Vale da Igreja,platform,,no,,,,no,,2025-02-08,,2025-02-08,,2025-02-08,,2893026817623148,,,,yes,,,,,,,,,,,,,,,,,,
Point,-8.643624,37.1556995,node/5752390496,no,,,,bus_stop,,,,,,,,,,no,,,,,,,,,,,,,,,,,,,,,,,,,,,,,,
Point,-8.6436752,37.1557548,node/5752390515,no,,,,bus_stop,,,,,,,,,,yes,,,,,,,,,,,,,,,,,,,,,,,,,,,,,,
Point,-8.6635184,37.1361303,node/5752390624,yes,,yes,,bus_stop,,,Torre (poente),platform,Torre (poente) 3 onda rosa,,,,municipal,yes,onda,,,,,,timetable,,,,,,,,,,,,,,,,,,,,,,,
Point,-8.6711376,37.1274118,node/5752390629,no,no,yes,,bus_stop,no,,Marateca - EN125,platform,,no,,,,no,,,,,,,,,no,,,,,,,,,,,,,,,,,,,,,
Point,-8.6598035,37.14677,node/5752390634,no,no,yes,,bus_stop,yes,,Urb. Varandas de S. Francisco,platform,,no,,,,no,,,,,,,,,,,,,,,,,,,,,,,,,,,,,,
Point,3.413552,6.4307513,node/5777682132,,,yes,,bus_stop,,,,platform,,,,,,,,,,,,,,,,,,,,,,,,,,,,,,,,,,,,
Point,3.4149086,6.4305573,node/5777682133,,,yes,,bus_stop,,,,platform,,,,,,,,,,,,,,,,,,,,,,,,,,,,,,,,,,,,
Point,3.4166975,6.4307087,node/5777682134,,,yes,,bus_stop,,,,platform,,,,,,,,,,,,,,,,,,,,,,,,,,,,,,,,,,,,
Point,3.4170102,6.4304685,node/5777682135,,,yes,,bus_stop,,,,platform,,,,,,,,,,,,,,,,,,,,,,,,,,,,,,,,,,,,
Point,3.4210443,6.4294355,node/5777682136,,,yes,,bus_stop,,,,platform,,,,,,,,,,,,,,,,,,,,,,,,,,,,,,,,,,,,
Point,3.4210455,6.4296418,node/5777682137,,,yes,,bus_stop,,,,platform,,,,,,,,,,,,,,,,,,,,,,,,,,,,,,,,,,,,
Point,3.4226782,6.4293286,node/5777682138,,,yes,,bus_stop,,,,platform,,,,,,,,,,,,,,,,,,,,,,,,,,,,,,,,,,,,
Point,3.4229542,6.4291074,node/5777682139,,,yes,,bus_stop,,,,platform,,,,,,,,,,,,,,,,,,,,,,,,,,,,,,,,,,,,
Point,3.4927082,6.6245943,node/6291068267,,,yes,,bus_stop,,,Aruna Bus Stop,stop_position,,,,,Primero,,,,,,,,,,,,,,,,,,,,,,,,,,,,,,,
Point,3.4917301,6.6247402,node/6291068268,,,yes,,bus_stop,,,Aruna Bus Stop,stop_position,,,,,,,,,,,,,,,,,,,,,,,,,,,,,,,,,,,,
Point,3.4878266,6.6253321,node/6291068704,,,yes,,bus_stop,,,Agric Bus Stop,stop_position,,,,,,,,,,,,,,,,,,,,,,,,,,,,,,,,,,,,
Point,3.4863272,6.6255612,node/6291068705,,,yes,,bus_stop,,,Agric Bus Stop,stop_position,,,,,,,,,,,,,,,,,,,,,,,,,,,,,,,,,,,,
Point,3.4840018,6.6253867,node/6291068706,,,yes,,bus_stop,,,Agric,stop_position,,,,,,,,,,,,,,,,,,,,,,,,,,,,,,,,,,,,
Point,3.4731978,6.6195958,node/6291069012,,,yes,,bus_stop,,,Majidun Ogolonto Bus Stop,stop_position,,,,,,,,,,,,,,,,,,,,,,,,,,,,,,,,,,,,
Point,3.4722322,6.6196784,node/6291069013,,,yes,,bus_stop,,,Majidun Ogolonto Bus Stop,stop_position,,,,,,,,,,,,,,,,,,,,,,,,,,,,,,,,,,,,
Point,3.4629496,6.6189812,node/6291069035,,,yes,,bus_stop,,,Majidun Awori Bus Stop,stop_position,,,,,,,,,,,,,,,,,,,,,,,,,,,,,,,,,,,,
Point,3.4620357,6.6187297,node/6291069036,,,yes,,bus_stop,,,Majidun Awori Bus Stop,stop_position,,,,,,,,,,,,,,,,,,,,,,,,,,,,,,,,,,,,
Point,3.4220803,6.6098363,node/6291069267,,,yes,,bus_stop,,,Irawo Bus Stop,stop_position,,,,,,,,,,,,,,,,,,,,,,,,,,,,,,,,,,,,
Point,3.4212542,6.6102786,node/6291069371,,,yes,,bus_stop,,,Irawo Bus Stop,stop_position,,,,,,,,,,,,,,,,,,,,,,,,,,,,,,,,,,,,
Point,3.4155384,6.6120477,node/6291069506,,,yes,,bus_stop,,,Idera Bus Stop,stop_position,,,,,,,,,,,,,,,,,,,,,,,,,,,,,,,,,,,,
Point,3.4145755,6.6118878,node/6291069507,,,yes,,bus_stop,,,Idera Bus Stop,stop_position,,,,,,,,,,,,,,,,,,,,,,,,,,,,,,,,,,,,
Point,3.4092298,6.608584,node/6291069508,,,yes,,bus_stop,,,Onirin Bus Stop,stop_position,,,,,,,,,,,,,,,,,,,,,,,,,,,,,,,,,,,,
Point,3.4086183,6.6078646,node/6291069559,,,yes,,bus_stop,,,Onirin Bus Stop,stop_position,,,,,,,,,,,,,,,,,,,,,,,,,,,,,,,,,,,,
Point,3.4019369,6.6044942,node/6291069586,,,yes,,bus_stop,,,Mile 12 Bus Stop,stop_position,,,,,,,,,,,,,,,,,,,,,,,,,,,,,,,,,,,,
Point,3.3856605,6.5968718,node/6291361173,,,yes,,bus_stop,,,,stop_position,,,,,,,,,,,,,,,,,,,,,,,,,,,,,,,,,,,,
Point,3.3787519,6.587407,node/6291361174,,,yes,,bus_stop,,,,stop_position,,,,,,,,,,,,,,,,,,,,,,,,,,,,,,,,,,,,
Point,3.378481,6.5873857,node/6291361179,,,yes,,bus_stop,,,,stop_position,,,,,,,,,,,,,,,,,,,,,,,,,,,,,,,,,,,,
Point,3.385338,6.596762,node/6291362221,,,yes,,bus_stop,,,,stop_position,,,,,,,,,,,,,,,,,,,,,,,,,,,,,,,,,,,,
Point,-8.6828333,37.0875727,node/6303260826,,yes,yes,,bus_stop,,,Porto de Mós/Casa Velha,platform,,,,,ONDA,no,Transportes Urbanos de Lagos,,,,,,,,,,,yes,,,,,,,,,,,,,,,,,,
Point,-8.687499,37.0860318,node/6312219062,yes,yes,yes,,bus_stop,,,Praia Porto de Mós,platform,,no,,,ONDA,yes,Transportes Urbanos de Lagos,,,,,,,1014017099005367,,,,,,,,,,,,,,,,,,,,,,
Point,-8.6719928,37.1032986,node/6332794587,yes,yes,yes,,bus_stop,yes,,Portas de Portugal / CTT,platform,,no,,,ONDA,yes,Transportes Urbanos de Lagos,,,,,,,,,,bus_stop,,,,,,,,,,,,,,,,,,,
Point,-8.6699108,37.1008535,node/6332794588,yes,no,yes,,bus_stop,,,Praça do Infante,platform,,,,,ONDA,yes,Transportes Urbanos de Lagos,,,,,,,,,,,,,,,,,,,,,,,,,,,,,
Point,-8.6705064,37.1011957,node/6332794590,no,no,yes,,bus_stop,,,Praça do Infante,platform,,no,,,ONDA,no,Transportes Urbanos de Lagos,,,,,,,,,,,,,,,,,,,,,,,,,,,,,
Point,-8.676155,37.1128181,node/6332794595,yes,yes,yes,,bus_stop,yes,,Sitio da Ponte,platform,,no,,,ONDA,yes,Transportes Urbanos de Lagos,,,,,,,,,,,,,,,,,,,,,,,,,,,,,
Point,-8.6817799,37.0889798,node/6332794598,,,yes,,bus_stop,,,R. Dr. Nataniel Costa,platform,,,,,ONDA,,Transportes Urbanos de Lagos,,,,,,,,,,,yes,,,,,,,,,,,,,,,,,,
Point,-8.681596,37.0889724,node/6332794599,yes,yes,yes,,bus_stop,,,R. Dr. Nataniel Costa,platform,,,,,ONDA,yes,Transportes Urbanos de Lagos,,,,,,,,,,,,,,,,,,,,,,,,,,,,,
Point,-8.6471799,37.1187497,node/6332794600,,,yes,,bus_stop,,,Forte da Meia Praia,platform,,,,,ONDA,yes,Transportes Urbanos de Lagos,,,,,,,,,,,,,,,,,,,,,,,,,,,,,
Point,-8.6786996,37.0925254,node/6332794601,,,yes,,bus_stop,,,Torraltinha,platform,,,,,ONDA,no,Transportes Urbanos de Lagos,,,,,,,,,,,,,,,,,,,,,,,,,,,,,
Point,-8.6788747,37.0925775,node/6332794602,yes,,yes,,bus_stop,,,Torraltinha,platform,,,,,ONDA,yes,Transportes Urbanos de Lagos,,,,,,,,,,,,,,,,,,,,,,,,,,,,,
Point,-8.6697973,37.0915104,node/6332794603,yes,,yes,,bus_stop,,,Praia de Dona Ana,platform,,,,,ONDA,yes,Transportes Urbanos de Lagos,,,,,,,,,,,,,,,,,,,,,,,,,,,,,
Point,-8.6713435,37.1111178,node/6332794604,yes,yes,yes,,bus_stop,,,Esc. EB 2/3 das Naus,platform,,,,,ONDA,yes,Transportes Urbanos de Lagos,,,,,,,,,,,,,,,,,,,,,,,,,,,,,
Point,-8.6598716,37.112739,node/6332794606,,,yes,,bus_stop,,,Bairro 1º de Maio,platform,,,,,ONDA,no,Transportes Urbanos de Lagos,,,,,,,,,,,yes,,,,,,,,,,,,,,,,,,
Point,-8.7510432,37.0848893,node/6349491769,yes,no,yes,,bus_stop,,,Montinhos da Luz,platform,,no,,,,yes,,,,,,,,,,,,,,,,,,,,,,,,,,,,,,
Point,-8.6800311,37.1112224,node/6354128897,yes,yes,yes,,bus_stop,yes,,Complexo Desportivo,platform,,yes,,,,yes,,,,,2025-02-08,,,,,,,,,,,,,,,,,,,,,,,,,
Point,-8.6723131,37.1033009,node/6354128898,yes,,yes,,bus_stop,,,Portas de Portugal / CTT,platform,,,,,ONDA,yes,Transportes Urbanos de Lagos,,,,,,,,,,,,,,,,,,,,,,,,,,,,,
Point,-8.6783298,37.1017852,node/6354128899,no,,yes,,bus_stop,,,Quiosque do Ambiente,platform,,,,,,no,,,,,,,,,,,,yes,,,,,,,,,,,,,,,,,,
Point,-8.6741057,37.0971321,node/6354128900,yes,yes,yes,,bus_stop,,,Parque da Cidade,platform,,no,,,,yes,,,,,2025-07-18,,,,,,,,,,,,,,,,,,,,,,,,,
Point,-8.6802469,37.0937148,node/6413837086,yes,,yes,,bus_stop,,,Escola da Ameijeira - R. Fernando Pessoa,platform,,,,,,yes,,,,,,,,,,,,,,,,,,,,,,,,,,,,,,
Point,3.3456776,6.5706693,node/6518697909,,,yes,,bus_stop,,,,platform,,,,,,,,,,,,,,,,,,,,,,,,,,,,,,,,,,,,
Point,3.3436566,6.5756883,node/6518697911,,,yes,,bus_stop,,,,platform,,,,,,,,,,,,,,,,,,,,,,,,,,,,,,,,,,,,
Point,3.3420418,6.5796001,node/6518697912,,,yes,,bus_stop,,,,platform,,,,,,,,,,,,,,,,,,,,,,,,,,,,,,,,,,,,
Point,3.3389332,6.5873149,node/6518697915,,,yes,,bus_stop,,,,platform,,,,,,,,,,,,,,,,,,,,,,,,,,,,,,,,,,,,
Point,3.3867844,6.5980531,node/6871106617,,,yes,,bus_stop,,,BRT Ketu,platform,,,,,,,,,,,,,,,,,,,,,,,,,,,,,,,,,,,,
Point,3.3645471,6.6179855,node/6871106823,,,yes,,bus_stop,,,,platform,,,,,,,,,,,,,,,,,,,,,,,,,,,,,,,,,,,,
Point,3.3648517,6.6180415,node/6871106824,,,yes,,bus_stop,,,,platform,,,,,,,,,,,,,,,,,,,,,,,,,,,,,,,,,,,,
Point,3.36537,6.6168984,node/6871106873,,,yes,,bus_stop,,,,platform,,,,,,,,,,,,,,,,,,,,,,,,,,,,,,,,,,,,
Point,3.3657733,6.6170184,node/6871106874,,,yes,,bus_stop,,,,platform,,,,,,,,,,,,,,,,,,,,,,,,,,,,,,,,,,,,
Point,3.3828594,6.4712722,node/6887250412,,,yes,,bus_stop,,,,platform,,,,,,,,,,,,,,,,,,,,,,,,,,,,,,,,,,,,
Point,3.3827562,6.4704852,node/6887250417,,,yes,,bus_stop,,,,platform,,,,,,,,,,,,,,,,,,,,,,,,,,,,,,,,,,,,
Point,3.3639822,6.5058662,node/6919151216,,,yes,,bus_stop,,,,station,,,,,,,,,,,,,,,,,,,,,,,,,,,,,,,,,,,,
Point,3.3637306,6.5059957,node/6919151222,,,yes,,bus_stop,,,,station,,,,,,,,,,,,,,,,,,,,,,,,,,,,,,,,,,,,
Point,3.3671172,6.5584274,node/6967079690,,,yes,,bus_stop,,,,platform,,,,,,,,,,,,,,,,,,,,,,,,,,,,,,,,,,,,
Point,3.3669627,6.5589729,node/6967079715,,,yes,,bus_stop,,,Anthony Bus Stop,platform,,,,,,,,,,,,,,,,,,,,,BRT,,,,,,,,,,,,,,,
Point,3.3667482,6.5570516,node/6967079716,,,yes,,bus_stop,,,Anthony Bus Stop,platform,,,,,,,,,,,,,,,,,,,,,BRT,,,,,,,,,,,,,,,
Point,3.36981,6.5750088,node/6967418559,,,yes,,bus_stop,,,Maryland Bus Stop,platform,,,,,,,,,,,,,,,,,,,,,BRT,,,,,,,,,,,,,,,
Point,3.3689705,6.5742742,node/6967418560,,,yes,,bus_stop,,,Maryland Bus Stop,platform,,,,,,,,,,,,,,,,,,,,,BRT,,,,,,,,,,,,,,,
Point,3.3606852,6.6180254,node/6992641421,,,yes,,bus_stop,,,Barracks,platform,,,,,,,,,,,,,,,,,,,,,,,,,,,,,,,,,,,,
Point,3.2958755,6.6112012,node/6997535241,,,yes,,bus_stop,,,Alimosho,platform,,,,,,,,,,,,,,,,,,,,,,,,,,,,,,,,,,,,
Point,3.2959545,6.6116652,node/6997535242,,,yes,,bus_stop,,,Alimosho,platform,,,,,,,,,,,,,,,,,,,,,,,,,,,,,,,,,,,,
Point,-8.7270422,37.0911573,node/7101335385,yes,no,yes,,bus_stop,,,Rua Direita - Praia da Luz,platform,,,,,,yes,,,,,,,,,,,,,,,,,,,,,,,,,,,,,,
Point,-8.7413915,37.0862446,node/7101360785,yes,no,yes,,bus_stop,,,Luz Parque (Norte),platform,,,,,,yes,,,,,,,,,,,,,,,,,,,,,,,,,,,,,,
Point,-8.7413574,37.0860827,node/7101360786,yes,no,yes,,bus_stop,,,Luz Parque (Sul),platform,,,,,,yes,,,,,,,,,,,,,,,,,,,,,,,,,,,,,,
Point,-8.6939552,37.1221301,node/7123177742,yes,no,yes,,bus_stop,yes,,Portelas,platform,,no,,,,yes,,,,,,,,,no,,,,,,,,,,,,,,,,,,,,,
Point,3.4992762,6.6224962,node/7263913870,,,yes,,bus_stop,,,Benson,platform,,,,,,,,,,,,,,,,,,,,,,,,,,,,,,,,,,,,
Point,3.3009008,6.6006251,node/7377223107,,,yes,,bus_stop,,,Vulcanizer Bus Stop,platform,,,,,,,,,,,,,,,,,,,,,,,,,,,,,,,,,,,,
Point,3.3625245,6.5239425,node/7443645135,,,yes,,bus_stop,,,,stop_position,,,,,,,,,,,,,,,,,,,,,,,,,,,,,,,,,,,,
Point,3.3621141,6.523804,node/7443645136,,,yes,,bus_stop,,,,stop_position,,,,,,,,,,,,,,,,,,,,,,,,,,,,,,,,,,,,
Point,-8.6690879,37.1309277,node/8110480604,,,yes,,bus_stop,,,Rua da Alfarrobeira / Escola,platform,,,,,municipal,no,onda,,,,,,,,,,,,,,,,,,,,,,,,,,,,,
Point,-8.6524667,37.1504065,node/8151728875,,,yes,,bus_stop,,,Odiáxere - Escola 1° Ciclo (Sul),platform,Odiáxere - Esc. 1o Ciclo (sul) 3 onda rosa,,,,municipal,yes,onda,,,,,,,,,,,,,Odiáxere - Esc. 1° Ciclo (Sul),,,,,,,,,,,,,,,,
Point,-8.6734875,37.1303493,node/8152172290,,,yes,,bus_stop,,,Chinicato - Urb. Municipal,platform,Chinicato - Urb. Municipal 3 onda rosa,,,,municipal,,onda,,,,,,timetable,,,,,,,,,,,,,,,,,,,,,,,
Point,-8.6730744,37.119308,node/8162289370,no,no,yes,,bus_stop,yes,,Telheiro - EN125 (nascente),platform,Telheiro - EN125 (nascente) rosa 3,no,,,municipal,no,onda,,,,2025-02-08,,timetable,,,,,,,,,,,,,,,,,,,,,,,
Point,3.3345357,6.5986825,node/9127712617,,,yes,,bus_stop,,,Ikeja Along,platform,,,,,,,,,,,,,,,,,,,,,,,,,,,,,,,,,,,,
Point,-8.7272315,37.0916393,node/9225526232,,,yes,,bus_stop,,,Rua José Ribeiro Lopes,platform,1,,,,AONDA,no,,,,,,,,,,,,,,,,,,,,,,,,,,,,,,
Point,-8.7302937,37.0860481,node/9225563048,yes,yes,yes,,bus_stop,,,Igreja Senhora da Luz,platform,,,,,,yes,,,,,,,,,,,,,,,,,,,,,,,,,,,,,,
Point,-8.6770165,37.0927021,node/9579079731,no,no,yes,,bus_stop,,,Rua Lazaro Corte,platform,,no,,,ONDA,no,Transportes Urbanos de Lagos,,,,,,,,,,,,,,,,,,,,,,,,,,,,,
Point,-8.676958,37.0923619,node/9579079737,no,no,yes,,bus_stop,,,Rua Lazaro Corte,platform,,no,,,ONDA,no,Transportes Urbanos de Lagos,,,,,,,,,,,,,,,,,,,,,,,,,,,,,
Point,-8.6726471,37.0913839,node/9579079744,no,no,yes,,bus_stop,no,,Estrada da Ponta da Piedade,platform,,,,,ONDA,no,Transportes Urbanos de Lagos,,,,,,,,,,,,,,,,,,,,,,,,,,,,,
Point,-8.6766884,37.1044494,node/9581146470,,,yes,,bus_stop,,,Rua do Cemitério,platform,,,,,,,,,,,,,,,,,,,,,,,,,,,,,,,,,,,,
Point,-8.6785989,37.1032378,node/9581146474,,,yes,,bus_stop,,,R. Sto. Amaro,platform,,,,,,,,,,,,,,,,,,,,,,,,,,,,,,,,,,,,
Point,-8.6758977,37.1077692,node/9587080424,no,no,yes,,bus_stop,,5,"Terminal Rodoviário - ONDA Linhas 1, 2",platform,5,no,limited,,ONDA,no,,,,,,,,,,,,,,,,bus_stop,,,,,,,,,,,,,,
Point,-8.6763445,37.1072125,node/9587080427,yes,yes,yes,yes,bus_stop,yes,3,Terminal Rodoviário,platform,3,no,limited,,,,,,,,,,,,,,,,,,,,,,,,,,,,,,,,,
Point,-8.6763785,37.1072737,node/9587080429,yes,yes,yes,yes,bus_stop,yes,1,Terminal Rodoviário,platform,,no,limited,,,,,,,,,,,,,,,,,,,,,,,,,,,,,,,,,
Point,-8.6761425,37.0913185,node/9831378250,,,yes,,bus_stop,,,Estrada Porto Do Mos,platform,,,,,ONDA,no,Transportes Urbanos de Lagos,,,,,,,,,,,,,,,,,,,,,,,,,,,,,
Point,-8.6762954,37.0913297,node/9831378251,,,yes,,bus_stop,,,Estrada Porto Do Mos,platform,,,,,ONDA,no,Transportes Urbanos de Lagos,,,,,,,,,,,,,,,,,,,,,,,,,,,,,
Point,-8.6972197,37.1305864,node/11271525149,no,,yes,,bus_stop,,,Jardim,platform,,,,,,no,,,,,,,,,,,,,,,,,,,,,,,,,,,,,,
Point,-8.6951698,37.1251272,node/11271526190,no,no,yes,,bus_stop,yes,,Quinta do Paúl,platform,,no,,,,no,,,,,,,,,,,,,,,,,,,,,,,,,,,,,,
Point,-8.7343876,37.1523527,node/11271711825,no,,yes,,bus_stop,,,Barrada do Poço,platform,,,,,,no,,,,,,,,,,,,,,,,,,,,,,,,,,,,,,
Point,-8.7255785,37.1396112,node/11271758599,yes,no,yes,,bus_stop,,,Colégio,platform,,,,,Onda,yes,7,,,,,,timetable,,,,,,,,,,,,,,,,,,,,,,,
Point,-8.7260661,37.1447173,node/11271768997,no,,yes,,bus_stop,,,Monte das Figueiras de Cima,platform,,,,,,no,,,,,,,,,,,,,,,,,,,,,,,,,,,,,,
Point,-8.7237914,37.1423153,node/11271782598,,,yes,,bus_stop,,,Viaduto,platform,,,,,Onda,no,7,,,,,,,,,,,,,,,,,,,,,,,,,,,,,
Point,-8.7219129,37.1265467,node/11271841925,no,no,yes,,bus_stop,,,Monte Judeo,platform,,,,,Onda,no,7,,,,,,timetable,,,,,,,,,,,,,,,,,,,,,,,
Point,-8.7226169,37.126669,node/11271841927,yes,no,yes,,bus_stop,,,Monte Judeo,platform,,,,,Onda,yes,7,,,,,,,,,,,,,,,,,,,,,,,,,,,,,
Point,-8.672429,37.0926068,node/11283487521,,,yes,,bus_stop,,,Estrada da Ponta da Piedade,platform,,,,,ONDA,no,Transportes Urbanos de Lagos,,,,,,,,,,,,,,,,,,,,,,,,,,,,,
Point,-8.6765269,37.1093865,node/11283508944,yes,yes,yes,,bus_stop,,,Rotunda Dom João II,platform,,no,,,ONDA,yes,Transportes Urbanos de Lagos,,,,,,,,,,,,,,,,,,,,,,,,,,,,,
Point,-8.6749988,37.1071496,node/11283508945,no,no,yes,,bus_stop,yes,,Avenida dos Descobrimentos - Marina,platform,,no,,,ONDA,no,Transportes Urbanos de Lagos,,,,,,,,no,,,,,,,,,,,,,,,,,,,,,
Point,-8.6720249,37.0948497,node/11283525671,yes,no,yes,,bus_stop,,,Rossio da Trindade (Nascente),platform,,,,,,yes,,,,,,,,,,,,,,,,,,,,,,,,,,,,,,
Point,-8.6819947,37.0911808,node/11283526413,,,yes,,bus_stop,,,R. Santa Casa da Misericórdia,platform,,,,,ONDA,,Transportes Urbanos de Lagos,,,,,,,,,,,,,,,,,,,,,,,,,,,,,
Point,-8.6819385,37.091103,node/11283526414,,,yes,,bus_stop,,,R. Santa Casa da Misericórdia,platform,,,,,ONDA,yes,Transportes Urbanos de Lagos,,,,,,,,,,,,,,,,,,,,,,,,,,,,,
Point,-8.6605758,37.1121885,node/11283980894,,,yes,,bus_stop,,,Bairro 1º de Maio,platform,,,,,ONDA,no,Transportes Urbanos de Lagos,,,,,,,,,,,,,,,,,,,,,,,,,,,,,
Point,-8.6514982,37.1171702,node/11284031628,yes,,yes,,bus_stop,,,Hotéis,platform,,,,,ONDA,no,Transportes Urbanos de Lagos,,,,,,,,,,,,,,,,,,,,,,,,,,,,,
Point,-8.6827189,37.0876568,node/11297942237,,,yes,,bus_stop,,,Porto de Mós/Casa Velha,platform,,,,,ONDA,no,Transportes Urbanos de Lagos,,,,,,,1163866560728076,,,,,,,,,2018-04-30,,,,,,,,,,,,,
Point,-8.6731086,37.092213,node/11297942238,,,yes,,bus_stop,,,Rua Dr. Luís de Albuquerque,platform,,,,,ONDA,no,Transportes Urbanos de Lagos,,,,,,,,,,,,,,,,,,,,,,,,,,,,,
Point,-8.6730563,37.092305,node/11297942239,,,yes,,bus_stop,,,Rua Dr. Luís de Albuquerque,platform,,,,,ONDA,no,Transportes Urbanos de Lagos,,,,,,,,,,,,,,,,,,,,,,,,,,,,,
Point,-8.6723945,37.0925195,node/11297942240,no,,yes,,bus_stop,,,Estrada da Ponta da Piedade,platform,,,,,ONDA,no,Transportes Urbanos de Lagos,,,,,,,,,,,,,,,,,,,,,,,,,,,,,
Point,-8.6750793,37.0936689,node/11297942241,yes,yes,yes,,bus_stop,,,Torraltinha / Lar Jóse Filipe Fialho,platform,,,,,,yes,,,,,,,,,,,,,,,,,,,,,,,,,,,,,,
Point,-8.6739441,37.095504,node/11297942242,yes,yes,yes,,bus_stop,,,Rotunda do Pêndulo,platform,,no,,,ONDA,yes,Transportes Urbanos de Lagos,,,,,,,,,,,,,,,,,,,,,,,,,,,,,
Point,-8.6763514,37.1094378,node/11297942243,yes,yes,yes,,bus_stop,yes,,Rotunda Dom João II,platform,,no,,,ONDA,yes,Transportes Urbanos de Lagos,,,,,,,,,,,,,,,,,,,,,,,,,,,,,
Point,-8.6728337,37.1103806,node/11297942244,,,yes,,bus_stop,,,Hotel Marina,platform,,,,,ONDA,no,Transportes Urbanos de Lagos,,,,,,,,,,,,,,,,,,,,,,,,,,,,,
Point,-8.6678709,37.1105415,node/11297942245,no,no,yes,,bus_stop,,,Jardim das Dunas,platform,,,,,ONDA,no,Transportes Urbanos de Lagos,,,,,,,,,,,,,,,,,"Verify position, unclear where the bus will stop.",,,,,,,,,,,,
Point,-8.6678837,37.1104544,node/11297942246,no,no,yes,,bus_stop,,,Jardim das Dunas,platform,,no,,,ONDA,no,Transportes Urbanos de Lagos,,,,,,,,,,,,,,,,,,,,,,,,,,,,,
Point,-8.6619231,37.1115116,node/11297942247,,,yes,,bus_stop,,,Vila Galé,platform,,,,,ONDA,no,Transportes Urbanos de Lagos,,,,,,,,,,,,,,,,,"Verify position, unclear where the bus will stop.",,,,,,,,,,,,
Point,-8.6628109,37.1114174,node/11297942248,,,yes,,bus_stop,,,Vila Galé,platform,,,,,ONDA,no,Transportes Urbanos de Lagos,,,,,,,,,,,,,,,,,,,,,,,,,,,,,
Point,-8.6552773,37.1152659,node/11297942249,yes,,yes,,bus_stop,,,Urbanização Baía de Cristal,platform,,,,,ONDA,no,Transportes Urbanos de Lagos,,,,,,,,,,,,,,,,,,,,,,,,,,,,,
Point,-8.6553349,37.1153204,node/11297942250,yes,,yes,,bus_stop,,,Urbanização Baía de Cristal,platform,,,,,ONDA,yes,Transportes Urbanos de Lagos,,,,,,,,,,,,,,,,,,,,,,,,,,,,,
Point,-8.6515456,37.1172662,node/11297942251,yes,,yes,,bus_stop,,,Hotéis,platform,,,,,ONDA,no,Transportes Urbanos de Lagos,,,,,,,,,,,,,,,,,,,,,,,,,,,,,
Point,-8.648969,37.1184575,node/11297942252,,,yes,,bus_stop,,,Esc. 1° Ciclo Meia Praia,platform,,,,,ONDA,no,Transportes Urbanos de Lagos,,,,,,,,,,,,,,,,,,,,,,,,,,,,,
Point,-8.6489613,37.1183666,node/11297942253,,,yes,,bus_stop,,,Esc. 1° Ciclo Meia Praia,platform,,,,,ONDA,no,Transportes Urbanos de Lagos,,,,,,,,,,,,,,,,,,,,,,,,,,,,,
Point,-8.6802017,37.1111228,node/11298545568,no,,yes,,bus_stop,,,Complexo Desportivo,platform,,,,,,no,,,,,,,,,,,,,,,,,,,,,,,,,,,,,,
Point,-8.6825024,37.1131682,node/11298552969,no,no,yes,,bus_stop,yes,,S. João,platform,,no,,,,no,,,,,,,,,,,,,,,,,,,,,,,,,,,,,,
Point,-8.6865002,37.1147338,node/11298552970,no,,yes,,bus_stop,,,Curvas do Garrocho,platform,,,,,,no,,,,,,,,,,,,,,,,,,,,,,,,,,,,,,
Point,-8.6862709,37.1156963,node/11298552971,no,,yes,,bus_stop,,,Curvas do Garrocho,platform,,,,,,no,,,,,,,,,,,,,,,,,,,,,,,,,,,,,,
Point,-8.6904068,37.1174651,node/11298552972,no,,yes,,bus_stop,,,ETAR,platform,,,,,,no,,,,,,,,,,,,,,,,,,,,,,,,,,,,,,
Point,-8.6939098,37.1222997,node/11298552973,no,no,yes,,bus_stop,yes,,Portelas,platform,,no,,,,no,,,,,,,,,no,,,,,,,,,,,,,,,,,,,,,
Point,-8.6945938,37.1235861,node/11298552974,no,no,yes,,bus_stop,yes,,Portelas,platform,,no,,,,no,,,,,,,,,no,,,,,,,,,,,,,,,,,,,,,
Point,-8.694571,37.1237893,node/11298552975,yes,yes,yes,,bus_stop,yes,,Portelas,platform,,no,,,,yes,,,,,,,,,,,,,,,,,,,,,,,,,,,,,,
Point,-8.703486,37.1381647,node/11298552976,no,,,,bus_stop,,,Figueiral,platform,,,,,,no,,,,,,,,,,,,,,,,,,,,,,,,,,,,,,
Point,-8.7060629,37.1401522,node/11298552977,no,,,,bus_stop,,,Vale da Bensafrim,platform,,,,,,no,,,,,,,,,,,,,,,,,,,,,,,,,,,,,,
Point,-8.722309,37.1550109,node/11298552978,no,no,,,bus_stop,,,Paraíso,platform,,no,,,,no,,,,,,,,,,,,,,,,,,,,,,,,,,,,,,
Point,-8.7308129,37.1544387,node/11298552979,no,no,,,bus_stop,yes,,Fronteira,platform,,no,,,,no,,,,,,,,,,,,,,,,,,,,,,,,,,,,,,
Point,-8.7345446,37.1553572,node/11298552980,no,,,,bus_stop,,,Bensafrim Junta,platform,,,,,,no,,,,,,,,,,"No bus stop is physically visible here, but the bus stops here nevertheless.",,,,,,,,,,,,,,,,,,,,
Point,-8.7393142,37.1549826,node/11298552981,yes,no,,,bus_stop,yes,,Bensafrim Mercado,platform,,no,,,,yes,,,,,,,,,,,,,,,,,,,,,,,,,,,,,,
Point,-8.6776777,37.1076298,node/11340713223,no,,yes,,bus_stop,,,Casa das Palmeiras,platform,,,,,,no,,,,,,,,,,,,,,,,,,,,,,,,,,,,,,
Point,-8.6792113,37.1091528,node/11340713224,no,,yes,,bus_stop,,,Esc. EB 2/3 No. 1,platform,,,,,,no,,,,,,,,,,,,,,,,,,,,,,,,,,,,,,
Point,-8.6790235,37.1077886,node/11340713225,no,,yes,,bus_stop,,,CM Lagos,platform,,,,,,no,,,,,,,,,,,,,,,,,,,,,,,,,,,,,,
Point,-8.6788619,37.1077308,node/11340713226,no,,yes,,bus_stop,,,CM Lagos,platform,,,,,,no,,,,,,,,,,,,,,,,,,,,,,,,,,,,,,
Point,-8.6819874,37.1069774,node/11340713227,no,,yes,,bus_stop,,,Avenida da República,platform,,,,,,no,,,,,,,,,,,,,,,,,,,,,,,,,,,,,,
Point,-8.6820591,37.1068356,node/11340713228,no,,yes,,bus_stop,,,Avenida da República,platform,,,,,,no,,,,,,,,,,,,,,,,,,,,,,,,,,,,,,
Point,-8.6854689,37.1037842,node/11340713229,yes,,yes,,bus_stop,,,Rotunda das Cadeiras - PL do Bairro da Abrótea,platform,,,,,,yes,,,,,,,,,,,,,,,,,,,,,,,,,,,,,,
Point,-8.6844503,37.1038585,node/11340713230,yes,,yes,,bus_stop,,,Avenida da República (Rot. Cadeiras),platform,,,,,,yes,,,,,,,,,,,,,,,,,,,,,,,,,,,,,,
Point,-8.6846079,37.104028,node/11340713231,yes,,yes,,bus_stop,,,Avenida da República (Rot. Cadeiras),platform,,,,,,yes,,,,,,,,,,,,,,,,,,,,,,,,,,,,,,
Point,-8.6871178,37.1037486,node/11340713232,no,yes,yes,,bus_stop,yes,,Rua do Moinho do Azeite,platform,,no,,,,no,,,,,,,,,,,,,,,,,,,,,,,,,,,,,,
Point,-8.6871806,37.1036919,node/11340713233,yes,yes,yes,,bus_stop,yes,,Rua do Moinho do Azeite,platform,,no,,,,yes,,,,,,,,,,,,,,,,,,,,,,,,,,,,,,
Point,-8.6887759,37.1059237,node/11340713236,yes,,yes,,bus_stop,,,Esc. Tecnopólis,platform,,,,,,yes,,,,,,,,,,,,,,,,,,,,,,,,,,,,,,
Point,-8.6894614,37.1093428,node/11340713237,no,,yes,,bus_stop,,,Fonte Coberta,platform,,,,,,no,,,,,,,,,,,,,,,,,,,,,,,,,,,,,,
Point,-8.7756548,37.1396454,node/11340814151,yes,yes,yes,,bus_stop,,,Barão de São João,platform,,no,,,,yes,,,,,,,,,,,,,,,,,,,,,,,,,,,,,,
Point,-8.7662309,37.1455588,node/11340814152,no,,yes,,bus_stop,,,Medronhal / Zoo,platform,,,,,,no,,,,,,,,,,,,,,,,,,,,,,,,,,,,,,
Point,-8.7649629,37.1458464,node/11340814153,yes,,yes,,bus_stop,,,Medronhal / Zoo,platform,,,,,,yes,,,,,,,,,,,,,,,,,,,,,,,,,,,,,,
Point,-8.7547906,37.1494932,node/11340814154,no,,yes,,bus_stop,,,Azóia,platform,,,,,,no,,,,,,,no,,,,,,,,,,,,,,,,,,,,,,,
Point,-8.7469109,37.1512548,node/11340814155,no,,yes,,bus_stop,,,Fonte do Maranhão 2,platform,,,,,,no,,,,,,,,,,,,,,,,,,,,,,,,,,,,,,
Point,-8.6990221,37.1253184,node/11340851781,no,,yes,,bus_stop,,,Barradas,platform,,,,,,no,,,,,,,,,,,,,,,,,,,,,,,,,,,,,,
Point,-8.7117257,37.1260444,node/11340851782,no,,yes,,bus_stop,,,Barba Preta,platform,,,,,,no,,,,,,,,,,,,,,,,,,,,,,,,,,,,,,
Point,-8.7162177,37.1262829,node/11340851783,no,,yes,,bus_stop,,,Monte Judeo Escolha Velha,platform,,,,,,no,,,,,,,,,,,,,,,,,,,,,,,,,,,,,,
Point,-8.732435,37.1280193,node/11340851784,no,,yes,,bus_stop,,,Cruzamento do Barão,platform,,,,,,no,,,,,,,,,,,,,,,,,,,,,,,,,,,,,,
Point,-8.733402,37.1361377,node/11340851796,no,,yes,,bus_stop,,,Moinho do Boneco,platform,,,,,,no,,,,,,,,,,,,,,,,,,,,,,,,,,,,,,
Point,-8.725476,37.1396043,node/11340851797,no,,yes,,bus_stop,,,Colégio,platform,,,,,,no,,,,,,,,,,,,,,,,,,,,,,,,,,,,,,
Point,-8.7308103,37.145159,node/11340851798,no,,yes,,bus_stop,,,Casa Tomé,platform,,no,,,,no,,,,,,,,,,,,,,,,,,,,,,,,,,,,,,
Point,-8.7360084,37.1455455,node/11340851799,no,,yes,,bus_stop,,,Maranhão 2,platform,,,,,,no,,,,,,,,,,,,,,,,,,,,,,,,,,,,,,
Point,-8.7403549,37.1474627,node/11340851800,no,,yes,,bus_stop,,,Maranhão 1,platform,,,,,,no,,,,,,,,,,,,,,,,,,,,,,,,,,,,,,
Point,-8.6728156,37.1106132,node/11445913646,,,yes,,bus_stop,,,Hotel Marina,platform,,,,,ONDA,no,Transportes Urbanos de Lagos,,,,,,,,,,,,,,,,,"Verify position, unclear where the bus will stop.",,,,,,,,,,,,
Point,-8.6805973,37.1007283,node/11445913647,no,,yes,,bus_stop,,,Rua Hospital São João de Deus - Esc. J. Dantas,platform,,,,,,no,,,,,,,,,,,,,,,,,,,,,,,,,,,,,,
Point,-8.6869823,37.1022477,node/11445913648,yes,,yes,,bus_stop,,,IEFP - Pólo Formação / Centro Saúde,platform,,,,,,yes,,,,,,,,,,,,,,,,,,,,,,,,,,,,,,
Point,-8.6823066,37.1029638,node/11445913649,yes,,yes,,bus_stop,,,Rua Filarmónica Primeiro de Maio - Esc. J. Dantas,platform,,,,,,yes,,,,,,,,,,,,,,,,,,,,,,,,,,,,,,
Point,-8.6799576,37.1022065,node/11445913650,yes,,yes,,bus_stop,,,Mercado Santo Amaro,platform,,,,,,yes,,,,,,,,,,,,,,,,,,,,,,,,,,,,,,
Point,-8.6786956,37.1004202,node/11445913651,yes,,yes,,bus_stop,,,Rua Compromisso Maritimo,platform,,,,,,yes,,,,,,,,,,,,,,,,,,,,,,,,,,,,,,
Point,-8.6773398,37.0983959,node/11445913652,no,,yes,,bus_stop,,,Rua Dr. Francisco Sá Carneiro - CTT,platform,,,,,,no,,,,,,,,,,,,,,,,,,,,,,,,,,,,,,
Point,-8.6764788,37.0970989,node/11445913653,yes,,yes,,bus_stop,,,Finanças,platform,,,,,,yes,,,,,,,,,,,,,,,,,,,,,,,,,,,,,,
Point,-8.6815643,37.1119987,node/11446019102,no,,yes,,bus_stop,,,S. João,platform,,,,,,no,,,,,,,,,,,,,,,,,,,,,,,,,,,,,,
Point,-8.6710044,37.1271126,node/11446019103,no,no,yes,,bus_stop,,,Marateca - EN125,platform,,no,,,,no,,,,,,,,,,,,,,,,,,,,,,,,,,,,,,
Point,-8.6722778,37.1293725,node/11446019106,,,yes,,bus_stop,,,Rua da Alfarrobeira,platform,,,,,municipal,,onda,,,,,,timetable,,,,,,,,,,,,,,,,,,,,,,,
Point,-8.6699677,37.1312564,node/11446019107,yes,no,yes,,bus_stop,,,Chinicato - Esc. 1° Ciclo,platform,,,,,,yes,,,,,,,,,,,,,,,,,,,,,,,,,,,,,,
Point,-8.6671606,37.1324265,node/11446019108,yes,yes,yes,,bus_stop,yes,,Chinicato - Ed. Multifunções,platform,,no,,,,yes,,,,,,,,,,,,,,,,,,,,,,,,,,,,,,
Point,-8.6671424,37.1322868,node/11446019109,yes,yes,yes,,bus_stop,yes,,Chinicato - Ed. Multifunções,platform,,no,,,,yes,,,,,,,,,,,,,,,,,,,,,,,,,,,,,,
Point,-8.6802064,37.1102292,node/11446100052,no,no,yes,,bus_stop,,,Rua Vasco da Gama,platform,,,,,ONDA,no,,,,,,,,,,,,,,,,,,,,,,,,,,,,,,
Point,-8.6824179,37.0979686,node/11446100053,yes,no,yes,,bus_stop,,,Hospital Terras do Infante (Nascente),platform,,no,,,ONDA,yes,,,,,,,,,,,,,,,,,,,,,,,,,,,,,,
Point,-8.6825607,37.0979846,node/11446100054,yes,no,yes,,bus_stop,,,Hospital Terras do Infante (Poente),platform,,no,,,ONDA,yes,,,,,,,,,,,,,,,,,,,,,,,,,,,,,,
Point,-8.6836909,37.0972217,node/11446100055,no,no,yes,,bus_stop,,,Rua Dr. Adelino Palma Carlos,platform,,,,,ONDA,no,,,,,,,,,,,,,,,,,,"Verify position, unclear where the bus will stop.",,,,,,,,,,,,
Point,-8.6836584,37.0971436,node/11446100056,no,no,yes,,bus_stop,,,Rua Dr. Adelino Palma Carlos,platform,,,,,ONDA,no,,,,,,,,,,,,,,,,,,,,,,,,,,,,,,
Point,-8.6866383,37.0964314,node/11446100057,yes,no,yes,,bus_stop,,,Esc. Gil Eanes,platform,,,,,ONDA,yes,,,,,,,,,,,,,,,,,,,,,,,,,,,,,,
Point,-8.6879023,37.1005855,node/11446100058,no,no,yes,,bus_stop,,,Pedra Alçada - Centro de Saúde (Poente),platform,,,,,ONDA,no,,,,,,,,,,,,,,,,,,,,,,,,,,,,,,
Point,-8.687848,37.1005256,node/11446100059,no,no,yes,,bus_stop,,,Pedra Alçada - Centro de Saúde (Nascente),platform,,,,,ONDA,no,,,,,,,,,,,,,,,,,,,,,,,,,,,,,,
Point,-8.6882074,37.1013508,node/11446100060,yes,no,yes,,bus_stop,,,Centro de Saúde (Norte),platform,,,,,ONDA,yes,,,,,,,,,,,,,,,,,,,,,,,,,,,,,,
Point,-8.7027148,37.1039922,node/11446100061,no,no,yes,,bus_stop,,,Boavista,platform,,,,,,no,,,,,,,,,,,,,,,,,,,,,,,,,,,,,,
Point,-8.7028141,37.1038307,node/11446100064,no,no,yes,,bus_stop,,,Boavista,platform,,,,,,no,,,,,,,,,,,,,,,,,,,,,,,,,,,,,,
Point,-8.7052998,37.1061677,node/11446100065,no,no,yes,,bus_stop,,,Quatro Estradas,platform,,,,,,no,,,,,,,,,,,,,,,,,,,,,,,,,,,,,,
Point,-8.7061226,37.1066522,node/11446100066,no,no,yes,,bus_stop,,,Quatro Estradas,platform,,,,,,no,,,,,,,,,,,,,,,,,,,,,,,,,,,,,,
Point,-8.7110712,37.1041136,node/11446100067,no,no,yes,,bus_stop,,,Monte S. Pedro,platform,,,,,,no,,,,,,,,,,,,,,,,,,"Verify position, unclear where the bus will stop.",,,,,,,,,,,,
Point,-8.7109184,37.10415,node/11446100068,yes,no,yes,,bus_stop,,,Monte S. Pedro,platform,,,,,,no,,,,,,,,,,,,,,,,,,,,,,,,,,,,,,
Point,-8.7176393,37.0992554,node/11446109269,no,no,yes,,bus_stop,,,Valverde,platform,,,,,,no,,,,,,,,,,,,,,,,,,,,,,,,,,,,,,
Point,-8.7175679,37.0992292,node/11446109270,yes,no,yes,,bus_stop,,,Valverde (Sul),platform,,,,,,yes,,,,,,,,,,,,,,,,,,,,,,,,,,,,,,
Point,-8.7225457,37.0948515,node/11446109271,no,no,yes,,bus_stop,,,Quinta da Luz,platform,,,,,,no,,,,,,,,,,,,,,,,,,"Verify position, unclear where the bus will stop.",,,,,,,,,,,,
Point,-8.7223332,37.0948916,node/11446109272,yes,no,yes,,bus_stop,,,Quinta da Luz,platform,,,,,,no,,,,,,,,,,,,,,,,,,,,,,,,,,,,,,
Point,-8.7283487,37.089315,node/11446109273,yes,no,yes,,bus_stop,,,Clube Luzense,platform,,,,,,yes,,,,,,,,,,,,,,,,,,,,,,,,,,,,,,
Point,-8.7313347,37.0873754,node/11446109274,yes,no,yes,,bus_stop,,,Luz - Mercado (nascente),platform,,no,,,,yes,,,,,,,,,,,,,,,,,,,,,,,,,,,,,,
Point,-8.731503,37.0875268,node/11446109275,no,no,yes,,bus_stop,,,Luz - Mercado,platform,,no,,,,no,,,,,,,,,,,,,,,,,,,,,,,,,,,,,,
Point,-8.7333041,37.0909822,node/11446109276,no,no,yes,,bus_stop,,,Hotel Bela Vista,platform,,,,,,no,,,,,,,,,,,,,,,,,,"Verify position, unclear where the bus will stop.",,,,,,,,,,,,
Point,-8.7334395,37.0909999,node/11446109277,no,no,yes,,bus_stop,,,Hotel Bela Vista,platform,,,,,,no,,,,,,,,,,,,,,,,,,,,,,,,,,,,,,
Point,-8.7349114,37.0921729,node/11446109278,no,no,yes,,bus_stop,,,Vila Serena - Avenida Infante Dom Henrique,platform,,,,,,no,,,,,,,,,,,,,,,,,,,,,,,,,,,,,,
Point,-8.7349825,37.0922445,node/11446109279,no,no,yes,,bus_stop,,,Vila Serena - Avenida Infante Dom Henrique,platform,,,,,,no,,,,,,,,,,,,,,,,,,,,,,,,,,,,,,
Point,-8.7370196,37.0877317,node/11446109280,no,no,yes,,bus_stop,,,Avenida Infante Dom Henrique,platform,,,,,,no,,,,,,,,,,,,,,,,,,,,,,,,,,,,,,
Point,-8.7370209,37.0872604,node/11446109281,no,no,yes,,bus_stop,,,Avenida Infante Dom Henrique,platform,,,,,,no,,,,,,,,,,,,,,,,,,,,,,,,,,,,,,
Point,-8.7467627,37.0860601,node/11446109282,no,no,yes,,bus_stop,,,Luz Mar,platform,,,,,,no,,,,,,,,,,,,,,,,,,,,,,,,,,,,,,
Point,-8.7466407,37.0861756,node/11446109283,yes,no,yes,,bus_stop,,,Luz Mar,platform,,,,,,yes,,,,,,,,,,,,,,,,,,,,,,,,,,,,,,
Point,-8.7506526,37.0849613,node/11446109284,no,no,yes,,bus_stop,,,Montinhos da Luz,platform,,no,,,,no,,,,,,,,,,,,,,,,,,"Verify position, unclear where the bus will stop.",bus_station,,,,,,,,,,,
Point,-8.7546819,37.0834571,node/11446109285,no,no,,,bus_stop,,,Porto Dona Maria,platform,,,,,,no,,,,,,,,,,,,,,,,,,"Verify position, unclear where the bus will stop.",,,,,,,,,,,,
Point,-8.7547456,37.083348,node/11446109286,no,no,,,bus_stop,,,Porto Dona Maria,platform,,,,,,no,,,,,,,,,,,,,,,,,,,,,,,,,,,,,,
Point,-8.7589969,37.0808043,node/11446109287,no,no,,,bus_stop,,,Alagoa / Cama de Vaca,platform,,,,,,no,,,,,,,,,,,,,,,,,,"Verify position, unclear where the bus will stop.",,,,,,,,,,,,
Point,-8.7591928,37.0806443,node/11446109288,no,no,,,bus_stop,,,Alagoa / Cama de Vaca,platform,,,,,,no,,,,,,,,,,,,,,,,,,,,,,,,,,,,,,
Point,-8.7665159,37.0768878,node/11446109289,no,no,,,bus_stop,,,Escola Internacional Vale Verde,platform,,,,,,no,,,,,,,,,,,,,,,,,,,,,,,,,,,,,,
Point,-8.7665856,37.0769215,node/11446109290,no,no,,,bus_stop,,,Escola Internacional Vale Verde,platform,,,,,,no,,,,,,,,,,,,,,,,,,,,,,,,,,,,,,
Point,-8.7703863,37.0754663,node/11446109291,no,no,,,bus_stop,,,Montinhos do Burgau,platform,,,,,,no,,,,,,,,,,,,,,,,,,,,,,,,,,,,,,
Point,-8.7705043,37.0755048,node/11446109292,no,no,,,bus_stop,,,Montinhos do Burgau,platform,,,,,,no,,,,,,,,,,,,,,,,,,,,,,,,,,,,,,
Point,-8.7339418,37.0932351,node/11446167714,no,no,yes,,bus_stop,,,Monte da Horta,platform,,,,,ONDA,no,,,,,,,,,,,,,,,,,,"Verify position, unclear where the bus will stop.",,,,,,,,,,,,
Point,-8.7340611,37.0932169,node/11446167715,no,no,yes,,bus_stop,,,Monte da Horta,platform,,,,,ONDA,no,,,,,,,,,,,,,,,,,,"Verify position, unclear where the bus will stop.",,,,,,,,,,,,
Point,-8.7359286,37.0956217,node/11446167716,no,no,yes,,bus_stop,,,Caliços,platform,,,,,ONDA,no,,,,,,,,,,,,,,,,,,"Verify position, unclear where the bus will stop.",,,,,,,,,,,,
Point,-8.7360473,37.0955661,node/11446167717,no,no,yes,,bus_stop,,,Caliços,platform,,,,,ONDA,no,,,,,,,,,,,,,,,,,,,,,,,,,,,,,,
Point,-8.7371993,37.1000523,node/11446167718,yes,no,yes,,bus_stop,,,Espiche,platform,,,,,ONDA,no,,,,,,,,,,,,,,,,,,,,,,,,,,,,,,
Point,-8.7395382,37.0999111,node/11446167719,yes,no,yes,,bus_stop,,,Fontanário (Poente),platform,,,,,ONDA,yes,,,,,,,,,,,,,,,,,,,,,,,,,,,,,,
Point,-8.7394396,37.1000218,node/11446167720,yes,no,yes,,bus_stop,,,Fontanário (Nascente),platform,,,,,ONDA,yes,,,,,,,,,,,,,,,,,,,,,,,,,,,,,,
Point,-8.7457207,37.100924,node/11446167721,no,no,yes,,bus_stop,,,Areões,platform,,,,,ONDA,no,,,,,,,,,,,,,,,,,,,,,,,,,,,,,,
Point,-8.7542273,37.0992901,node/11446167722,no,no,yes,,bus_stop,,,Cerro dos Vales,platform,,no,,,ONDA,no,,,,,,,,,,,,,,,,,,,,,,,,,,,,,,
Point,-8.7541965,37.0993993,node/11446167723,no,no,yes,,bus_stop,,,Cerro dos Vales,platform,,,,,ONDA,no,,,,,,,,,,,,,,,,,,,,,,,,,,,,,,
Point,-8.7591639,37.0974931,node/11446167724,no,no,yes,,bus_stop,,,Belo Horizonte,platform,,no,,,ONDA,no,,,,,,,,,,,,,,,,,,,,,,,,,,,,,,
Point,-8.7594476,37.0974573,node/11446167725,no,no,yes,,bus_stop,,,Belo Horizonte,platform,,no,,,ONDA,no,,,,,,,,,,,,,,,,,,,,,,,,,,,,,,
Point,-8.7316465,37.0892176,node/11446196487,yes,no,yes,,bus_stop,,,Rua do Ramalhete 2,platform,,,,,ONDA,yes,,,,,,,,,,,,,,,,,,,,,,,,,,,,,,
Point,-8.7287745,37.0907036,node/11446196488,no,no,yes,,bus_stop,,,Rua do Ramalhete 1,platform,,,,,ONDA,no,,,,,,,,,,,,,,,,,,,,,,,,,,,,,,
Point,-8.6829992,37.1004716,node/11446196489,yes,no,yes,,bus_stop,,,Escola Júlio Dantas (Norte),platform,,,,,ONDA,yes,,,,,,,,,,,,,,,,,,,,,,,,,,,,,,
Point,-8.6820095,37.0963293,node/11446196490,no,no,yes,,bus_stop,,,Rua Dom Manuel I,platform,,,,,ONDA,no,,,,,,,,,,,,,,,,,,,,,,,,,,,,,,
Point,-8.681915,37.0963881,node/11446196491,yes,no,yes,,bus_stop,,,Rua Dom Manuel I (Nascente),platform,,,,,ONDA,yes,,,,,,,,,,,,,,,,,,,,,,,,,,,,,,
Point,-8.6904632,37.1459656,node/11446257472,no,no,,,bus_stop,,,Montes Juntos 2,platform,,,,,,no,,,,,,,,,,,,,,,,,,"Verify position, unclear where the bus will stop.",,,,,,,,,,,,
Point,-8.6904055,37.1459453,node/11446257473,no,no,,,bus_stop,,,Montes Juntos 2,platform,,,,,,no,,,,,,,,,,,,,,,,,,"Verify position, unclear where the bus will stop.",,,,,,,,,,,,
Point,-8.6886077,37.1490736,node/11446257474,no,no,,,bus_stop,,,Montes Juntos 1,platform,,,,,,no,,,,,,,,,,,,,,,,,,,,,,,,,,,,,,
Point,-8.6921523,37.1429943,node/11446257475,no,no,,,bus_stop,,,Montes Juntos 3,platform,,,,,,no,,,,,,,,,,,,,,,,,,"Verify position, unclear where the bus will stop.",,,,,,,,,,,,
Point,-8.6922696,37.1429745,node/11446257476,no,no,,,bus_stop,,,Montes Juntos 3,platform,,,,,,no,,,,,,,,,,,,,,,,,,,,,,,,,,,,,,
Point,-8.6922971,37.137929,node/11446257477,no,no,yes,,bus_stop,,,Montes Juntos (cruz.),platform,,,,,,no,,,,,,,,,,,,,,,,,,,,,,,,,,,,,,
Point,-8.6921074,37.1379552,node/11446257478,yes,no,yes,,bus_stop,,,Montes Juntos (cruz.),platform,,,,,,yes,,,,,,,,,,,,,,,,,,,,,,,,,,,,,,
Point,-8.6880317,37.1370609,node/11446257479,yes,no,yes,,bus_stop,,,Sargaçal,platform,,,,,,yes,,,,,,,,,,,,,,,,,,,,,,,,,,,,,,
Point,-8.6880632,37.137194,node/11446257480,no,no,yes,,bus_stop,,,Sargaçal,platform,,,,,,no,,,,,,,,,,,,,,,,,,,,,,,,,,,,,,
Point,-8.6837912,37.1396005,node/11446257481,no,no,yes,,bus_stop,,,Várzea do Paúl,platform,,,,,,no,,,,,,,,,,,,,,,,,,,,,,,,,,,,,,
Point,-8.684052,37.1401736,node/11446257482,yes,no,yes,,bus_stop,,,Várzea do Paúl,platform,,,,,,yes,,,,,,,,,,,,,,,,,,,,,,,,,,,,,,
Point,-8.6817178,37.1331446,node/11446257483,yes,no,yes,,bus_stop,,,Casteleja,platform,,,,,,yes,,,,,,,,,,,,,,,,,,,,,,,,,,,,,,
Point,-8.6812752,37.1331334,node/11446257484,no,no,yes,,bus_stop,,,Casteleja,platform,,,,,,no,,,,,,,,,,,,,,,,,,,,,,,,,,,,,,
Point,-8.6780036,37.134449,node/11446257485,no,no,yes,,bus_stop,,,Solmate,platform,,,,,,no,,,,,,,,,,,,,,,,,,,,,,,,,,,,,,
Point,-8.677787,37.1343811,node/11446257486,no,no,yes,,bus_stop,,,Solmate,platform,,,,,,no,,,,,,,,,,,,,,,,,,,,,,,,,,,,,,
Point,-8.668176,37.13431,node/11446257487,no,no,yes,,bus_stop,,,Chinicato - Oficinas da CML,platform,,,,,,no,,,,,,,,,,,,,,,,,,"Verify position, unclear where the bus will stop.",,,,,,,,,,,,
Point,-8.6681619,37.1342571,node/11446257488,no,no,yes,,bus_stop,,,Chinicato - Oficinas da CML,platform,,,,,,no,,,,,,,,,,,,,,,,,,,,,,,,,,,,,,
Point,-8.7342475,37.1523365,node/11449131288,no,,yes,,bus_stop,,,Barrada do Poço,platform,,,,,,no,,,,,,,,,,,,,,,,,,"Verify position, unclear where the bus will stop.",,,,,,,,,,,,
Point,-8.7402825,37.1474974,node/11449131289,no,,yes,,bus_stop,,,Maranhão 1,platform,,,,,,no,,,,,,,,,,,,,,,,,,"Verify position, unclear where the bus will stop.",,,,,,,,,,,,
Point,-8.7333544,37.1361719,node/11449131290,no,,yes,,bus_stop,,,Moinho do Boneco,platform,,,,,,no,,,,,,,,,,,,,,,,,,"Verify position, unclear where the bus will stop.",,,,,,,,,,,,
Point,-8.7323485,37.1279071,node/11449131291,no,,yes,,bus_stop,,,Cruzamento do Barão,platform,,,,,,no,,,,,,,,,,,,,,,,,,"Verify position, unclear where the bus will stop.",,,,,,,,,,,,
Point,-8.7160863,37.1263438,node/11449131292,no,,yes,,bus_stop,,,Monte Judeo Escolha Velha,platform,,,,,,no,,,,,,,,,,,,,,,,,,"Verify position, unclear where the bus will stop.",,,,,,,,,,,,
Point,-8.7117022,37.126116,node/11449131293,no,,yes,,bus_stop,,,Barba Preta,platform,,,,,,no,,,,,,,,,,,,,,,,,,"Verify position, unclear where the bus will stop.",,,,,,,,,,,,
Point,-8.6990771,37.1253804,node/11449131294,no,,yes,,bus_stop,,,Barradas,platform,,,,,,no,,,,,,,,,,,,,,,,,,"Verify position, unclear where the bus will stop.",,,,,,,,,,,,
Point,-8.6903559,37.1175785,node/11449131295,no,,yes,,bus_stop,,,ETAR,platform,,,,,,no,,,,,,,,,,,,,,,,,,"Verify position, unclear where the bus will stop.",,,,,,,,,,,,
Point,-8.723862,37.1423849,node/11449131319,,,yes,,bus_stop,,,Viaduto,platform,,,,,Onda,no,7,,,,,,,,,,,,,,,,,"Verify position, unclear where the bus will stop.",,,,,,,,,,,,
Point,-8.7260997,37.1446053,node/11449131320,no,,yes,,bus_stop,,,Monte das Figueiras de Cima,platform,,,,,,no,,,,,,,,,,,,,,,,,,"Verify position, unclear where the bus will stop.",,,,,,,,,,,,
Point,-8.7307942,37.1451227,node/11449131321,no,,yes,,bus_stop,,,Casa Tomé,platform,,no,,,,no,,,,,,,,,,,,,,,,,,"Verify position, unclear where the bus will stop.",,,,,,,,,,,,
Point,-8.7361418,37.1454974,node/11449131322,no,,yes,,bus_stop,,,Maranhão 2,platform,,,,,,no,,,,,,,,,,,,,,,,,,"Verify position, unclear where the bus will stop.",,,,,,,,,,,,
Point,-8.6953622,37.1257963,node/11449131324,yes,no,yes,,bus_stop,yes,,Quinta do Paúl,platform,,no,,,,yes,,,,,,,,,,,,,,,,,,,,,,,,,,,,,,
Point,-8.7561377,37.1375227,node/11449140139,no,,yes,,bus_stop,,,Lagoa da Rosa,platform,,,,,,no,,,,,,,,,,,,,,,,,,"Verify position, unclear where the bus will stop.",,,,,,,,,,,,
Point,-8.7560914,37.137581,node/11449140140,no,,yes,,bus_stop,,,Lagoa da Rosa,platform,,,,,,no,,,,,,,,,,,,,,,,,,,,,,,,,,,,,,
Point,-8.7372865,37.1292457,node/11449140141,no,,yes,,bus_stop,,,Catalão,platform,,,,,,no,,,,,,,,,,,,,,,,,,"Verify position, unclear where the bus will stop.",,,,,,,,,,,,
Point,-8.7371859,37.129296,node/11449140142,no,,yes,,bus_stop,,,Catalão,platform,,,,,,no,,,,,,,,,,,,,,,,,,,,,,,,,,,,,,
Point,-8.7447973,37.1336482,node/11449140143,no,,yes,,bus_stop,,,Charneca da Corte,platform,,,,,,no,,,,,,,,,,,,,,,,,,"Verify position, unclear where the bus will stop.",,,,,,,,,,,,
Point,-8.7447967,37.1337097,node/11449140144,no,,yes,,bus_stop,,,Charneca da Corte,platform,,,,,,no,,,,,,,,,,,,,,,,,,,,,,,,,,,,,,
Point,-8.7631772,37.1387201,node/11449140145,no,,yes,,bus_stop,,,Pédragosa,platform,,,,,,no,,,,,,,,,,,,,,,,,,"Verify position, unclear where the bus will stop.",,,,,,,,,,,,
Point,-8.7637049,37.138826,node/11449140146,no,,yes,,bus_stop,,,Pédragosa,platform,,,,,,no,,,,,,,,,,,,,,,,,,,,,,,,,,,,,,
Point,-8.7718602,37.1391398,node/11449140147,no,,yes,,bus_stop,,,Várzea Grande-Cruzamento,platform,,,,,,no,,,,,,,,,,,,,,,,,,"Verify position, unclear where the bus will stop.",,,,,,,,,,,,
Point,-8.7718789,37.1390874,node/11449140148,no,,yes,,bus_stop,,,Várzea Grande-Cruzamento,platform,,,,,,no,,,,,,,,,,,,,,,,,,"Verify position, unclear where the bus will stop.",,,,,,,,,,,,
Point,-8.7036241,37.1381327,node/11449218633,no,,,,bus_stop,,,Figueiral,platform,,,,,,no,,,,,,,,,,,,,,,,,,"Verify position, unclear where the bus will stop.",,,,,,,,,,,,
Point,-8.7065819,37.1403649,node/11449218634,no,,,,bus_stop,,,Vale da Bensafrim,platform,,,,,,no,,,,,,,,,,,,,,,,,,"Verify position, unclear where the bus will stop.",,,,,,,,,,,,
Point,-8.730986,37.1543065,node/11449218635,no,,,,bus_stop,,,Fronteira,platform,,,,,,no,,,,,,,,,,,,,,,,,,"Verify position, unclear where the bus will stop.",,,,,,,,,,,,
Point,-8.7470926,37.1512131,node/11449218636,no,,yes,,bus_stop,,,Fonte do Maranhão 2,platform,,,,,,no,,,,,,,,,,,,,,,,,,"Verify position, unclear where the bus will stop.",,,,,,,,,,,,
Point,-8.7693201,37.1439355,node/11449238161,no,,yes,,bus_stop,,,Carrasqueira,platform,,,,,,no,,,,,,,,,,,,,,,,,,"Verify position, unclear where the bus will stop.",,,,,,,,,,,,
Point,-8.7592665,37.1480057,node/11449238162,no,,yes,,bus_stop,,,Monte Figueiras,platform,,,,,,no,,,,,,,,,,,,,,,,,,"Verify position, unclear where the bus will stop.",,,,,,,,,,,,
Point,-8.7547691,37.1496065,node/11449238163,no,,yes,,bus_stop,,,Azóia,platform,,,,,,no,,,,,,,,,,,,,,,,,,"Verify position, unclear where the bus will stop.",,,,,,,,,,,,
Point,-8.7181637,37.1499764,node/11449238164,no,no,,,bus_stop,no,,Poço do Vale,platform,,no,,,,no,,,,,,,,,,,,,,,,,,"Verify position, unclear where the bus will stop.",,,,,,,,,,,,
Point,-8.6971137,37.1306368,node/11449238165,no,,yes,,bus_stop,,,Jardim,platform,,,,,,no,,,,,,,,,,,,,,,,,,"Verify position, unclear where the bus will stop.",,,,,,,,,,,,
Point,-8.7015501,37.1701226,node/11452199386,no,yes,,,bus_stop,,,Cotifo de Cima,platform,,,,,ONDA,no,,,,,,,,,,,,,,,,,,,,,,,,,,,,,,
Point,-8.7013596,37.1701589,node/11452199387,no,yes,,,bus_stop,,,Cotifo de Cima,platform,,,,,ONDA,no,,,,,,,,,,,,,,,,,,,,,,,,,,,,,,
Point,-8.6998677,37.1716903,node/11452199388,no,yes,,,bus_stop,,,Cotifo (Escola),platform,,,,,ONDA,no,,,,,,,,,,,,,,,,,,"Verify position, unclear where the bus will stop.",,,,,,,,,,,,
Point,-8.6997959,37.1716465,node/11452199389,no,yes,,,bus_stop,,,Cotifo (Escola),platform,,,,,ONDA,no,,,,,,,,,,,,,,,,,,,,,,,,,,,,,,
Point,-8.6970513,37.1741299,node/11452199390,no,yes,,,bus_stop,,,Cotifo,platform,,,,,ONDA,no,,,,,,,,,,,,,,,,,,"Verify position, unclear where the bus will stop.",,,,,,,,,,,,
Point,-8.697227,37.1741161,node/11452199391,yes,yes,,,bus_stop,,,Cotifo,platform,,,,,ONDA,yes,,,,,,,,,,,,,,,,,,,,,,,,,,,,,,
Point,-8.6936429,37.1723753,node/11452199392,no,yes,,,bus_stop,,,Quinta Velha,platform,,,,,ONDA,no,,,,,,,,,,,,,,,,,,,,,,,,,,,,,,
Point,-8.6869267,37.1726376,node/11452199393,no,yes,,,bus_stop,,,Arneiro da Lage,platform,,,,,ONDA,no,,,,,,,,,,,,,,,,,,,,,,,,,,,,,,
Point,-8.6824923,37.1723646,node/11452199398,no,yes,,,bus_stop,,,Monte Ruivo,platform,,,,,ONDA,no,,,,,,,,,,,,,,,,,,,,,,,,,,,,,,
Point,-8.6779835,37.1723507,node/11452199399,no,yes,,,bus_stop,,,Monte Ruivo / Bemparece,platform,,,,,ONDA,no,,,,,,,,,,,,,,,,,,,,,,,,,,,,,,
Point,-8.6747608,37.1630718,node/11452199400,no,yes,,,bus_stop,,,Farta Vacas Cruzamento,platform,,,,,ONDA,no,,,,,,,,,,,,,,,,,,,,,,,,,,,,,,
Point,-8.6710151,37.1646541,node/11452199401,no,yes,,,bus_stop,,,Farta Vacas,platform,,,,,ONDA,no,,,,,,,,,,,,,,,,,,,,,,,,,,,,,,
Point,-8.6650546,37.1653675,node/11452199402,no,yes,,,bus_stop,,,Farta Vacas,platform,,,,,ONDA,no,,,,,,,,,,,,,,,,,,,,,,,,,,,,,,
Point,-8.6599959,37.1675733,node/11452199403,no,yes,,,bus_stop,,,Alfarrobeiras / Pedra Branca,platform,,,,,ONDA,no,,,,,,,,,,,,,,,,,,,,,,,,,,,,,,
Point,-8.6539388,37.1731019,node/11452199404,no,yes,,,bus_stop,,,Pedra Branca,platform,,,,,ONDA,no,,,,,,,,,,,,,,,,,,,,,,,,,,,,,,
Point,-8.6477771,37.1732959,node/11452199405,no,yes,,,bus_stop,,,Arão,platform,,,,,ONDA,no,,,,,,,,,,,,,,,,,,,,,,,,,,,,,,
Point,-8.6478248,37.1703262,node/11452199406,no,yes,,,bus_stop,,,Eiras Velhas,platform,,,,,ONDA,no,,,,,,,,,,,,,,,,,,,,,,,,,,,,,,
Point,-8.6492155,37.1642004,node/11452199407,no,yes,,,bus_stop,,,Descampadinho,platform,,,,,ONDA,no,,,,,,,,,,,,,,,,,,,,,,,,,,,,,,
Point,-8.6561255,37.1637831,node/11452199408,no,yes,,,bus_stop,,,Alfarrobeira,platform,,,,,ONDA,no,,,,,,,,,,,,,,,,,,,,,,,,,,,,,,
Point,-8.6575793,37.1593832,node/11452199409,no,yes,,,bus_stop,,,Ruivas II,platform,,,,,ONDA,no,,,,,,,,,,,,,,,,,,,,,,,,,,,,,,
Point,-8.6576758,37.1563379,node/11452199410,no,yes,,,bus_stop,,,Ruivas I,platform,,,,,ONDA,no,,,,,,,,,,,,,,,,,,,,,,,,,,,,,,
Point,-8.6613035,37.1519629,node/11452199411,no,yes,,,bus_stop,,,Carapito / Cova da Zorra,platform,,,,,ONDA,no,,,,,,,,,,,,,,,,,,,,,,,,,,,,,,
Point,-8.6586642,37.1519352,node/11452199412,no,yes,,,bus_stop,,,Odiáxere Moinho,platform,,,,,ONDA,no,,,,,,,,,,,,,,,,,,,,,,,,,,,,,,
Point,-8.6570183,37.1495046,node/11452199413,no,yes,yes,,bus_stop,,,Odiáxere Mercado,platform,,,,,ONDA,no,,,,,,,,,,,,,,,,,,"Verify position, unclear where the bus will stop.",,,,,,,,,,,,
Point,-8.6570528,37.1494637,node/11452199414,no,yes,yes,,bus_stop,,,Odiáxere Mercado,platform,,,,,ONDA,no,,,,,,,,,,,,,,,,,,,,,,,,,,,,,,
Point,-8.6674776,37.1536756,node/11453028411,no,yes,,,bus_stop,,,Cova da Zorra,platform,,,,,ONDA,no,,,,,,,,,,,,,,,,,,,,,,,,,,,,,,
Point,-8.6693327,37.1546827,node/11453028412,no,yes,,,bus_stop,,,Várzea da Moira,platform,,,,,ONDA,no,,,,,,,,,,,,,,,,,,,,,,,,,,,,,,
Point,-8.6742117,37.1597864,node/11453028413,yes,yes,,,bus_stop,,,Olheiros,platform,,,,,ONDA,yes,,,,,,,,,,,,,,,,,,,,,,,,,,,,,,
Point,-8.6785508,37.1614414,node/11453028414,no,yes,,,bus_stop,,,Cotifo de Baixo / Olheiros,platform,,,,,ONDA,no,,,,,,,,,,,,,,,,,,,,,,,,,,,,,,
Point,-8.6889403,37.1635587,node/11453028415,no,yes,,,bus_stop,,,Cotifo de Baixo,platform,,,,,ONDA,no,,,,,,,,,,,,,,,,,,,,,,,,,,,,,,
Point,-8.6936523,37.1674092,node/11453028416,no,yes,,,bus_stop,,,Monte Ruivo / Quinta da Bravura,platform,,,,,ONDA,no,,,,,,,,,,,,,,,,,,,,,,,,,,,,,,
Point,-8.6945958,37.1713692,node/11453028417,no,yes,,,bus_stop,,,Monte Ruivo Cruzamento,platform,,,,,ONDA,no,,,,,,,,,,,,,,,,,,,,,,,,,,,,,,
Point,-8.7456603,37.1008834,node/11459320483,no,no,yes,,bus_stop,,,Areões,platform,,,,,ONDA,no,,,,,,,,,,,,,,,,,,"Verify position, unclear where the bus will stop.",,,,,,,,,,,,
Point,-8.6736437,37.0968272,node/11459411498,no,no,yes,,bus_stop,,,Anel Verde (Poente),platform,,no,,,,no,,,,,,,,,,,,,,,,,,,,,,,,,,,,,,
Point,-8.6796894,37.0948077,node/11459411499,yes,no,yes,,bus_stop,,,Escola da Ameijeira - R. Miguel Torga,platform,,,,,ONDA,yes,,,,,,,,,,,,,,,,,,,,,,,,,,,,,,
Point,-8.6813537,37.0969711,node/11459411500,no,no,yes,,bus_stop,,,Rua Prof. Mota Pinto,platform,,no,,,ONDA,no,,,,,,,,,,,,,,,,,,,,,,,,,,,,,,
Point,-8.6861029,37.1047051,node/11459411501,no,no,yes,,bus_stop,,,Bairro da Abrótea,platform,,,,,,no,,,,,,,,,,,,,,,,,,,,,,,,,,,,,,
Point,-8.6721759,37.094928,node/11459411502,no,,yes,,bus_stop,,,Rossio da Trindade (Poente),platform,,,,,,no,,,,,,,,,,,,,,,,,,,,,,,,,,,,,,
Point,-8.6807609,37.1007775,node/11459697999,no,,yes,,bus_stop,,,Rua Hospital São João de Deus - Esc. J. Dantas,platform,,,,,,no,,,,,,,,,,,,,,,,,,,,,,,,,,,,,,
Point,-8.6784938,37.1017835,node/11459698000,no,,yes,,bus_stop,,,Quiosque do Ambiente,platform,,,,,,no,,,,,,,,,,,,yes,,,,,,,,,,,,,,,,,,
Point,-8.6823441,37.1028541,node/11459698001,no,,yes,,bus_stop,,,Rua Filarmónica Primeiro de Maio - Esc. J. Dantas,platform,,,,,,no,,,,,,,,,,,,,,,,,,"Verify position, unclear where the bus will stop.",,,,,,,,,,,,
Point,-8.680368,37.0936344,node/11459846583,no,yes,yes,,bus_stop,,,Escola da Ameijeira - R. Fernando Pessoa,platform,,,,,,no,,,,,,,,,,,,,,,,,,,,,,,,,,,,,,
Point,-8.765335,37.0903976,node/11459961417,no,no,,,bus_stop,,,Calafate,platform,,no,,,,no,,,,,,,,,,,,,,,,,,,,,,,,,,,,,,
Point,-8.7616932,37.0853489,node/11459961418,no,no,,,bus_stop,,,Rosa Montes,platform,,no,,,,no,,,,,,,,,,,,,,,,,,,,,,,,,,,,,,
Point,-8.7314916,37.100962,node/11465488538,no,no,yes,,bus_stop,no,,,platform,,no,,,EVA,no,,,,,,,,,,,,,,,,,,,,,,,,,,,,,,
Point,-8.6788519,37.0981445,node/11476359535,no,,yes,,bus_stop,,,,platform,,,,,,no,,,,,,,no,,,,,,,,,,,,,,,,,,,,,,,
Point,3.3673769,6.5232544,node/11535170607,,,yes,,bus_stop,,,Fadeyi Bus Stop,platform,,,,,LAMATA,yes,,,,,,,,,,,,,,,,,,,,,,,,,,,,,,
Point,-8.6813859,37.1025461,node/11757909789,,,,,bus_stop,,,,platform,,,,,,,,,,,,,,,,,,,,,,,,,,,,,,,,,,,,
Point,3.411132,6.610121,node/12281590817,,,,,bus_stop,,,Owode Orini,,,,,,state government,,,,,,,,,,,,,,,,,,,,,state government,gps,functional,yes,yes,yes,yes,yes,yes,,
Point,-8.7778139,37.2159333,node/12570701186,no,no,yes,,bus_stop,yes,,,platform,,no,,,,no,,,,,,,,,no,,,,,,,,,,,,,,,,,,,,no,
Point,3.5842821,6.4695611,node/13255237272,,,yes,,bus_stop,,,Abraham Adesanya,platform,,,,,,,,,,,,,,,,,,,,,,,,,,,,,,,,,,,,
Point,3.8439711,6.4751252,node/13597480726,,,yes,,bus_stop,,,Eleko Junction,platform,,,,,,,,,,,,,,,,,,,,,,,,,,,,,,,,,,,,
Point,-8.6762406,37.1076753,node/13713262412,yes,,yes,,bus_stop,,,Interface Rodoviario Municipal de Lagos,platform,,,,,,yes,,,,,,,,,,,,,,,,,,,,,,,,,,,,,,
Point,-8.6760529,37.1077761,node/13713262413,yes,no,yes,,bus_stop,,,Interface Rodoviario Municipal de Lagos,platform,,no,,,,yes,,,,,,,,,no,,,,,,,,,,,,,,,,,,,,,
Point,-8.6762946,37.1075964,node/13739716924,yes,,yes,,bus_stop,,,Terminal Rodoviario,platform,,,,,,yes,,,,,,,,,,,,,,,,,,,,,,,,,,,,,,
Point,-8.6759601,37.1077402,node/13740051745,,,yes,,bus_stop,,4,Terminal Rodoviário - Outros Operadores,platform,4,no,limited,,,,,,,,,,,,,,,,,,,,,,,,,,,,,,,,,Other operators
Point,-8.6760252,37.1076996,node/13740051746,,,yes,,bus_stop,,3,Terminal Rodoviário - Vamus,platform,3,no,limited,,,,,,,,,,,,,,,,,,,,,,,,,,,,,,,,,
Point,-8.6760993,37.1076659,node/13740051747,,,yes,,bus_stop,,2,Terminal Rodoviário - Flixbus,platform,2,no,limited,,,,,,,,,,,,,,,,,,,,,,,,,,,,,,,,,
Point,-8.676165,37.1076431,node/13740051748,,,yes,,bus_stop,,1,"Terminal Rodoviário - Onda Linhas 4, 6, 8",platform,1,no,limited,,,,,,,,,,,,,,,,,,,,,,,,,,,,,,,,,
