geom_type,lon,lat,@id,admin_level,admin_name,amenity,boat_rental,cargo,ferry_stop_id,name,notes,operational_status,operator,operator_name,public_transport,source:name,source_date,addr:street,alt_name,ferry,@geometry,website,building,source,check_date,wheelchair,amenity:note,boat:rental,survey:date,operator:name,description
Point,3.9753605,6.5676386,node/24088062,6,epe,ferry_terminal,true,passengers,155,eyin osa,admin_level 6 represents local government areas,operational,private,private,stop_position,public tech studio,2026-04-21,,,,,,,,,,,,,,
Point,3.4272504,6.4424775,way/593494003,,,ferry_terminal,,,,Five Cowries Terminal,,,,,station,,,Falomo Roundabout,Falomo Ferry Terminal,yes,center,,,,,,,,,,
Point,3.4174934,6.4641332,way/593494006,,,ferry_terminal,,,,Texas Connection Ferries,,,,,station,,,,,yes,center,http://www.texasconnectionferries.com/,,,,,,,,,
Point,3.4861682,6.6022577,way/659370442,,,ferry_terminal,,,,Ikorodu Ferry Terminal,,,,,station,,,,,yes,center,,,,,,,,,,
Point,3.2588115,6.4279956,way/1258445858,,,ferry_terminal,,,,Ijegun Egba Ferry Terminal,,,,,station,,,,,yes,center,,yes,,,,,,,,
Point,3.3353271,6.4328981,node/1693429425,,,ferry_terminal,,,,Tin Can Island Jetty,,,,,station,,,,,yes,,,,,,,,,,,
Point,3.3348663,6.4275549,node/1931521270,,,ferry_terminal,,,,Snake Island,,,,,station,,,,,yes,,,,,,,,,,,
Point,2.8608538,6.4456062,node/3741784352,6,epe,ferry_terminal,true,passengers,88,iya afin jetty,admin_level 6 represents local government areas,operational,private,private,stop_position,public tech studio,2026-04-21,,,,,,,survey,,,,,,,
Point,2.7098424,6.4308308,node/3917934912,6,badagry,ferry_terminal,true,passengers,156,farasime,admin_level 6 represents local government areas,operational,private,private,stop_position,public tech studio,2026-04-21,,,,,,,survey,,,,,,,
Point,-8.6707048,37.1026351,node/4561399397,,,ferry_terminal,,,,Vai Vem,,,,,station,,,,,yes,,,,,2024-09-05,,,,,,
Point,-8.6711648,37.1023738,node/4561399398,,,ferry_terminal,,,,Vai Vem,,,,,station,,,,,yes,,,,,2024-09-05,no,,,,,
Point,3.3492876,6.422177,node/5608986816,6,Amuwo_Odofin,ferry_terminal,true,passengers,78,Ilutuntun,admin_level 6 represents local government areas,operational,private,private,stop_position,stears open data,2026-04-21,,,,,,,survey,,,"this location is a ferry landing with active commercial ferry activity; however, the facility is less developed and lacks well-engineered structures.",false,2025-02-22,,
Point,3.6152347,6.5121953,node/6274161420,6,eti osa,ferry_terminal,true,passengers,200,Badore Ferry Terminal,admin_level 6 represents local government areas,operational,public,lagos state waterways authority (laswa),stop_position,public tech studio,2026-04-21,,,yes,,,,survey,,,,,,,
Point,3.5893558,6.5631532,node/6274179100,,,ferry_terminal,,,,,,,,,station,,,,,yes,,,,,,,,,,,
Point,3.5529637,6.5360487,node/6274197913,,,ferry_terminal,,,,Bayeku Ferry Terminal,,,,,station,,,,,yes,,,,,,,,,,,
Point,3.3898032,6.449149,node/6274484744,,,ferry_terminal,,,,Marina/CMS Ferry Terminal,,,,,station,,,,,yes,,,,,,,,,,,
Point,3.2055279,6.4529056,node/6274563687,6,Ojo,ferry_terminal,true,passengers,9,Ebute Ojo/Sifax Ferry Terminal,admin_level 6 represents local government areas,operational,public,lagos state waterways authority (laswa),stop_position,stears open data,2026-04-21,,,yes,,,,survey,,,this location is a ferry terminal with active commercial ferry activity.,false,2025-02-22,Lagos State Waterways Authority (LASWA),
Point,3.4000365,6.5283141,node/6274678046,,,ferry_terminal,,,,Ilaje Waterfront Jetty Terminal Bariga,,,,,station,,,,,yes,,,,,,,,,,,
Point,3.4419567,6.4367766,node/6274815661,6,eti osa,ferry_terminal,true,passengers,7,Addax Jetty,admin_level 6 represents local government areas,operational,private,private,stop_position,public tech studio,2026-04-21,,,yes,,,,survey,,,,,,,addax/sandfill/maroko (victoria island)
Point,3.007838,6.4136127,node/6274968417,,,ferry_terminal,,,,Iworo Ajido Jetty,,,,,station,,,,,yes,,,,,,,,,,,
Point,3.3591741,6.4390651,node/6275791741,,,ferry_terminal,,,,Apapa Liverpool Jetty,,,,,station,,,,,yes,,,,,,,,,,,
Point,3.4072016,6.5479311,node/6275791800,,,ferry_terminal,,,,Oworonsoki Jetty,,,,,station,,,,,yes,,,,,,,,,,,
Point,3.3350936,6.4334868,node/6275791838,,,ferry_terminal,,,,Tin Can Island,,,,,station,,,,,yes,,,,,,,,,,,
Point,3.3345224,6.4274708,node/6275791856,6,Amuwo_Odofin,ferry_terminal,true,passengers,67,igbologun/snake island,admin_level 6 represents local government areas,operational,private,private,stop_position,stears open data,2026-04-21,,,yes,,,,survey,,,"this location is a ferry landing with active commercial ferry activity; however, the facility is less developed and lacks well-engineered structures.",false,2025-02-22,,
Point,3.6004257,6.5596115,node/6275791912,,,ferry_terminal,,,,Ijede Ferry terminal,,,,,station,,,,,yes,,,,,,,,,,,
Point,3.3749228,6.4477053,node/6288815547,6,apapa,ferry_terminal,true,passengers,5,flour mills (apapa),admin_level 6 represents local government areas,operational,private,private,stop_position,public tech studio,2026-04-21,,,yes,,,,survey,,,,,,,
Point,3.4076895,6.5824363,node/6650429120,,,ferry_terminal,,,,,,,,,stop_position,,,,,yes,,,,,,,,,,,
Point,3.1451277,6.4492651,node/6863270040,6,ojo,ferry_terminal,true,passengers,141,isofin,admin_level 6 represents local government areas,operational,private,private,stop_position,public tech studio,2026-04-21,,,,,,,survey,,,,,,,
Point,3.4080514,6.5823956,node/7373636137,,,ferry_terminal,,,,,,,,,stop_position,,,,,yes,,,,,,,,,,,
Point,3.4109586,6.5779141,node/9199486279,,,ferry_terminal,,,,,,,,,stop_position,,,,,yes,,,,,,,,,,,
Point,3.4081182,6.5806821,node/9202448060,,,ferry_terminal,,,,,,,,,stop_position,,,,,yes,,,,,,,,,,,
Point,3.4123068,6.5808405,node/9202448061,,,ferry_terminal,,,,,,,,,stop_position,,,,,yes,,,,,,,,,,,
Point,3.4081789,6.5824294,node/9202454634,6,kosofe,ferry_terminal,false,passengers,20,agboyi 3,admin_level 6 represents local government areas,operational,private,private,stop_position,public tech studio,2026-04-21,,,,,,,survey,,,,,,,
Point,3.2165292,6.4076358,node/11761389011,6,Amuwo_Odofin,ferry_terminal,true,passengers,100,Mikano,admin_level 6 represents local government areas,operational,private,private,stop_position,stears open data,2026-04-21,,,,,,,survey,,,this location is a ferry landing with active commercial ferry activity.,false,2025-02-22,,
Point,3.3699936,6.4346321,node/12285854990,6,Apapa,ferry_terminal,true,passengers,27,Allens Unit/Alex Apapa,admin_level 6 represents local government areas,operational,private,private,stop_position,stears open data,2026-04-21,,,,,,,survey,,,"this location is a ferry landing with active commercial ferry activity; however, the facility is less developed and lacks well-engineered structures.",true,2025-02-22,,
Point,3.4357618,6.4891958,node/12814049769,6,Amuwo_Odofin,ferry_terminal,,passengers,136,Kirikiri,admin_level 6 represents local government areas,operational,private,,stop_position,stears open data,,,,,,,,survey,,,this location is a ferry jetty with active commercial ferry activity.,false,2025-02-22,,
Point,3.4253303,6.4395559,node/12814049788,6,Eti_Osa,ferry_terminal,,passengers,111,Law School (VI),admin_level 6 represents local government areas,operational,private,,stop_position,stears open data,,,,,,,,survey,,,this location is a ferry landing with active commercial ferry activity.,false,2025-02-22,,
Point,3.2524696,6.4119709,node/12814049800,6,Amuwo_Odofin,ferry_terminal,,passengers,95,Police,admin_level 6 represents local government areas,operational,private,,station,stears open data,,,,yes,,,,survey,,,this location is a ferry jetty with active commercial ferry activity.,false,2025-02-22,,
Point,3.6361125,6.5713252,node/12814051312,6,Ikorodu,ferry_terminal,true,passengers,58,Gberigbe,admin_level 6 represents local government areas,operational,private,private,stop_position,stears open data,2026-04-21,,,,,,,survey,,,"this location is a ferry landing with active commercial ferry activity; however, the facility is less developed and lacks well-engineered structures.",false,2025-02-22,,
Point,3.6001959,6.5602161,node/12814051313,6,Ikorodu,ferry_terminal,true,passengers,81,Egbin,admin_level 6 represents local government areas,operational,private,private,stop_position,stears open data,2026-04-21,,,,,,,survey,,,"this location is a ferry landing with active commercial ferry activity; however, the facility is less developed and lacks well-engineered structures.",false,2025-02-22,,
Point,3.4096251,6.5796715,node/12814051315,6,Kosofe,ferry_terminal,true,passengers,78,Olookan Stop,admin_level 6 represents local government areas,operational,private,private,stop_position,stears open data,2026-04-21,,,,,,,survey,,,"this location is a ferry landing with active commercial ferry activity; however, the facility is less developed and lacks well-engineered structures.",false,2025-02-22,,
Point,3.5790296,6.4906331,node/12814051317,6,Eti_Osa,ferry_terminal,true,passengers,109,Oke Ira Nla (Ajah),admin_level 6 represents local government areas,operational,public,lagos state waterways authority (laswa),stop_position,stears open data,2026-04-21,,,yes,,,,survey,,,this location is a ferry jetty with active commercial ferry activity.,false,2025-02-22,,
Point,3.4041996,6.4405074,node/12814051318,6,Lagos Island,ferry_terminal,true,passengers,73,Port/Checkpoint,admin_level 6 represents local government areas,operational,private,private,stop_position,stears open data,2026-04-21,,,yes,,,,survey,,,this location is a ferry landing with active commercial ferry activity.,true,2025-02-22,,
Point,3.4108125,6.5798309,node/12814051325,6,Kosofe,ferry_terminal,,passengers,66,Agboyi 3/Oko Agbon,admin_level 6 represents local government areas,operational,private,,stop_position,stears open data,,,,,,,,survey,,,"this location is a ferry landing with active commercial ferry activity; however, the facility is less developed and lacks well-engineered structures.",false,2025-02-22,,
Point,3.1438847,6.4493606,node/12814051330,6,Ojo,ferry_terminal,true,passengers,59,Etegbin,admin_level 6 represents local government areas,operational,private,private,stop_position,stears open data,2026-04-21,,,,,,,survey,,,"this location is a ferry landing with active commercial ferry activity; however, the facility is less developed and lacks well-engineered structures.",false,2025-02-22,Lagos State Waterways Authority (LASWA),
Point,3.5890471,6.5632172,node/12814051341,6,Ikorodu,ferry_terminal,true,passengers,30,Ijede,admin_level 6 represents local government areas,operational,private,private,stop_position,stears open data,2026-04-21,,,,,,,survey,,,this location is a ferry jetty with active commercial ferry activity.,false,2025-02-22,Lagos State Waterways Authority (LASWA),
Point,3.4861459,6.6017283,node/12814051343,6,Ikorodu,ferry_terminal,true,passengers,3,Ikorodu Terminal,admin_level 6 represents local government areas,operational,public,lagos state waterways authority (laswa),stop_position,stears open data,2026-04-21,,,yes,,,,survey,,,this location is a ferry terminal with active commercial ferry activity.,true,2025-02-22,Lagos State Waterways Authority (LASWA),
Point,3.553069,6.536139,node/12814051344,6,Ikorodu,ferry_terminal,true,passengers,19,Baiyeku,admin_level 6 represents local government areas,operational,private,private,stop_position,stears open data,2026-04-21,,,,,,,survey,,,this location is a ferry jetty with active commercial ferry activity.,false,2025-02-22,Lagos State Waterways Authority (LASWA),
Point,3.3897778,6.4494976,node/12814051346,6,Lagos Island,ferry_terminal,true,passengers,17,Marina/CMS,admin_level 6 represents local government areas,operational,private,private,stop_position,stears open data,2026-04-21,,,,,,,survey,,,this location is a ferry jetty with active commercial ferry activity.,true,2025-02-22,Lagos State Waterways Authority (LASWA),
Point,3.5008848,6.5393678,node/12814051351,6,Ikorodu,ferry_terminal,true,passengers,14,"Offin, Ikorodu",admin_level 6 represents local government areas,operational,private,private,stop_position,stears open data,2026-04-21,,,yes,,,,survey,,,this location is a ferry jetty with active commercial ferry activity.,false,2025-02-22,Lagos State Waterways Authority (LASWA),
Point,3.2622631,6.4257939,node/12814687041,6,Amuwo_Odofin,ferry_terminal,true,passengers,125,second rainbow landing,admin_level 6 represents local government areas,operational,private,private,stop_position,stears open data,2026-04-21,,,yes,,,,survey,,,"this location is a ferry landing with active commercial ferry activity; however, the facility is less developed and lacks well-engineered structures.",true,2025-02-22,,
Point,3.2587021,6.4278627,node/12814687042,6,Amuwo_Odofin,ferry_terminal,true,passengers,70,Ijegun Egba,admin_level 6 represents local government areas,operational,public,lagos state waterways authority (laswa),stop_position,stears open data,2026-04-21,,,yes,,,,survey,,,this location is a ferry jetty with active commercial ferry activity.,false,2025-02-22,Lagos State Waterways Authority (LASWA),
Point,3.4593349,6.4477684,node/12814687055,6,Eti_Osa,ferry_terminal,,passengers,68,Alluvia Marine/Afisco (Lekki 1),admin_level 6 represents local government areas,operational,private,,station,stears open data,,,,yes,,,,survey,,,this location is a ferry jetty with active commercial ferry activity.,true,2025-02-22,,
Point,3.3824785,6.4627403,node/12814705879,6,Lagos Island,ferry_terminal,true,passengers,1,Ebute Ero,admin_level 6 represents local government areas,operational,public,lagos state waterways authority (laswa),stop_position,stears open data,2026-04-21,,,yes,,,,survey,,,this location is a ferry landing with active commercial ferry activity.,false,2025-02-22,Lagos State Waterways Authority (LASWA),
Point,3.3592549,6.4276603,node/12814706436,6,Amuwo_Odofin,ferry_terminal,true,passengers,85,itu agan/itun agan,admin_level 6 represents local government areas,operational,private,private,stop_position,stears open data,2026-04-21,,,yes,,,,survey,,,"this location is a ferry landing with active commercial ferry activity; however, the facility is less developed and lacks well-engineered structures.",true,2025-02-22,,
Point,3.3591485,6.439056,node/12814706438,6,Apapa,ferry_terminal,true,passengers,10,Liverpool (Apapa),admin_level 6 represents local government areas,operational,public,lagos state waterways authority (laswa),stop_position,stears open data,2026-04-21,,,yes,,,,survey,,,this location is a ferry jetty with active commercial ferry activity.,true,2025-02-22,Lagos State Waterways Authority (LASWA),
Point,3.2943095,6.4745902,node/12814706439,6,Amuwo_Odofin,ferry_terminal,,passengers,133,Capital Oil,admin_level 6 represents local government areas,operational,private,,station,stears open data,,,,yes,,,,survey,,,"this location is a ferry jetty with active commercial ferry activity; however, the facility is less developed and lacks well-engineered structures.",true,2025-02-22,,
Point,3.4048651,6.4359713,node/12814706460,6,Eti_Osa,ferry_terminal,false,passengers,104,Bonny Camp (VI),admin_level 6 represents local government areas,operational,private,private,stop_position,stears open data,2026-04-21,,,yes,,,,survey,,,this location is a ferry jetty with active commercial ferry activity.,false,2025-02-22,,
Point,3.204243,6.4531681,node/12814706466,6,Ojo,ferry_terminal,true,passengers,107,Ojo Market waterside,admin_level 6 represents local government areas,operational,private,private,stop_position,stears open data,2026-04-21,,,,,,,survey,,,this location is a ferry landing with active commercial ferry activity.,true,2025-02-22,,
Point,3.1993161,6.4195553,node/12814706541,6,Ojo,ferry_terminal,true,passengers,89,Iyagbe,admin_level 6 represents local government areas,operational,private,private,stop_position,stears open data,2026-04-21,,,,,,,survey,,,this location is a ferry jetty with active commercial ferry activity.,true,2025-02-22,,
Point,3.2236757,6.406095,node/12814706557,6,Amuwo_Odofin,ferry_terminal,true,passengers,122,Salt Beach,admin_level 6 represents local government areas,operational,private,private,stop_position,stears open data,2026-04-21,,,,,,,survey,,,this location is a ferry landing with active commercial ferry activity.,true,2025-02-22,,
Point,3.3999032,6.528356,node/12814706577,6,Somolu,ferry_terminal,true,passengers,32,Bariga Waterfront,admin_level 6 represents local government areas,operational,private,private,stop_position,stears open data,2026-04-21,,,yes,,,,survey,,,this location is a ferry jetty with active commercial ferry activity.,true,2025-02-22,,
Point,3.2553651,6.4250613,node/12814706580,6,Amuwo_Odofin,ferry_terminal,true,passengers,59,Ibasa,admin_level 6 represents local government areas,operational,private,private,stop_position,stears open data,2026-04-21,,,yes,,,,survey,,,this location is a ferry jetty with active commercial ferry activity.,false,2025-02-22,,
Point,3.2556393,6.4115215,node/12814706589,6,Amuwo_Odofin,ferry_terminal,true,passengers,62,Ibeshe Palace,admin_level 6 represents local government areas,operational,private,private,stop_position,stears open data,2026-04-21,,,yes,,,,survey,,,this location is a ferry jetty with active commercial ferry activity.,false,2025-02-22,,
Point,3.1443087,6.4497223,node/12814706591,6,Ojo,ferry_terminal,true,passengers,106,Ese Ofin,admin_level 6 represents local government areas,operational,private,private,stop_position,stears open data,2026-04-21,,,,,,,survey,,,this location is a ferry jetty with active commercial ferry activity.,false,2025-02-22,,
Point,3.3441432,6.4368636,node/12814706594,6,Ajeromi_Ifelodun,ferry_terminal,true,passengers,75,IKO/Temidire,admin_level 6 represents local government areas,operational,private,private,stop_position,stears open data,2026-04-21,,,,,,,survey,,,this location is a ferry jetty with active commercial ferry activity.,false,2025-02-22,,
Point,3.3493073,6.4426193,node/12814706605,6,Ajeromi_Ifelodun,ferry_terminal,false,passengers,104,Number 1A Waterside,admin_level 6 represents local government areas,operational,private,private,stop_position,stears open data,2026-04-21,,,,,,,survey,,,"this location is a ferry landing with active commercial ferry activity; however, the facility is less developed and lacks well-engineered structures.",false,2025-02-22,,
Point,3.4076019,6.5825691,node/12814706624,6,Kosofe,ferry_terminal,false,passengers,23,Agboyi Ketu,admin_level 6 represents local government areas,operational,public,lagos state waterways authority (laswa),stop_position,stears open data,2026-04-21,,,,,,,survey,,,this location is a ferry terminal with active commercial ferry activity.,false,2025-02-22,Lagos State Waterways Authority (LASWA),
Point,3.3507032,6.4175204,node/12814706730,6,Amuwo_Odofin,ferry_terminal,true,passengers,90,Jemuje,admin_level 6 represents local government areas,operational,private,private,stop_position,stears open data,2026-04-21,,,yes,,,,survey,,,"this location is a ferry landing with active commercial ferry activity; however, the facility is less developed and lacks well-engineered structures.",false,2025-02-22,,
Point,3.3588512,6.4176319,node/12814706733,6,Amuwo_Odofin,ferry_terminal,false,passengers,24,agojedo/agbejedo,admin_level 6 represents local government areas,operational,private,private,stop_position,stears open data,2026-04-21,,,yes,,,,survey,,,"this location is a ferry landing with active commercial ferry activity; however, the facility is less developed and lacks well-engineered structures.",false,2025-02-22,,
Point,3.3622931,6.4179592,node/12814706734,6,Amuwo_Odofin,ferry_terminal,true,passengers,129,Itomoro,admin_level 6 represents local government areas,operational,private,private,stop_position,stears open data,2026-04-21,,,yes,,,,survey,,,"this location is a ferry landing with active commercial ferry activity; however, the facility is less developed and lacks well-engineered structures.",false,2025-02-22,,
Point,3.2381104,6.4176494,node/12814706752,6,Amuwo_Odofin,ferry_terminal,true,passengers,73,Ikare Palace,admin_level 6 represents local government areas,operational,private,private,stop_position,stears open data,2026-04-21,,,,,,,survey,,,this location is a ferry jetty with active commercial ferry activity.,false,2025-02-22,,
Point,3.14158,6.4471404,node/12814706811,6,Ojo,ferry_terminal,false,passengers,105,Egan Landing,admin_level 6 represents local government areas,operational,private,private,stop_position,stears open data,2026-04-21,,,,,,,survey,,,"this location is a ferry landing with active commercial ferry activity; however, the facility is less developed and lacks well-engineered structures.",false,2025-02-22,,
Point,3.2575102,6.4246842,node/12814706829,6,Amuwo_Odofin,ferry_terminal,true,passengers,30,Baba Shino,admin_level 6 represents local government areas,operational,private,private,stop_position,stears open data,2026-04-21,,,yes,,,,survey,,,"this location is a ferry landing with active commercial ferry activity; however, the facility is less developed and lacks well-engineered structures.",true,2025-02-22,,
Point,3.4084022,6.580283,node/12814706991,6,kosofe,ferry_terminal,false,passengers,21,agboyi 2,admin_level 6 represents local government areas,operational,private,private,stop_position,public tech studio,2026-04-21,,,,,,,survey,,,,,,,
Point,2.8760273,6.4160118,node/12814707188,6,badagry,ferry_terminal,true,passengers,13,jegba marina badagry/commando jetty,admin_level 6 represents local government areas,operational,private,private,station,public tech studio,2026-04-21,,,yes,,,,survey,,,,,,,
Point,3.3358476,6.4379319,node/12814707236,6,Amuwo_Odofin,ferry_terminal,true,passengers,38,Coconut Landing,admin_level 6 represents local government areas,operational,private,private,stop_position,stears open data,2026-04-21,,,yes,,,,survey,,,"this location is a ferry landing with active commercial ferry activity; however, the facility is less developed and lacks well-engineered structures.",true,2025-02-22,,
Point,3.376942,6.4327699,node/12814707241,6,apapa,ferry_terminal,true,passengers,121,sagbokoji,admin_level 6 represents local government areas,operational,public,lagos state waterways authority (laswa),stop_position,public tech studio,2026-04-21,,,,,,,survey,,,,,,,
Point,3.2152237,6.4079284,node/12814707702,6,Amuwo_Odofin,ferry_terminal,true,passengers,135,Uncle Ben,admin_level 6 represents local government areas,operational,private,private,stop_position,stears open data,2026-04-21,,,,,,,survey,,,this location is a ferry jetty with active commercial ferry activity.,false,2025-02-22,,
Point,3.2366016,6.4174615,node/12814707706,6,Amuwo_Odofin,ferry_terminal,true,passengers,74,ikare town landing,admin_level 6 represents local government areas,operational,private,private,stop_position,stears open data,2026-04-21,,,,,,,survey,,,"this location is a ferry landing with active commercial ferry activity; however, the facility is less developed and lacks well-engineered structures.",false,2025-02-22,,
Point,2.884629,6.405508,node/13749439554,6,badagry,ferry_terminal,true,passengers,221,point of no return,admin_level 6 represents local government areas,operational,private,private,stop_position,public tech studio,2026-04-21,,,,,,,survey,,,,,,,
Point,3.355594,6.426392,node/13749439555,6,apapa,ferry_terminal,true,passengers,220,alelegbene,admin_level 6 represents local government areas,operational,private,private,stop_position,public tech studio,2026-04-21,,,,,,,survey,,,,,,,
Point,3.3505,6.4461,node/13749439563,6,apapa,ferry_terminal,false,passengers,151,number 1 (apapa) waterside,admin_level 6 represents local government areas,operational,private,private,stop_position,public tech studio,2026-04-21,,,,,,,survey,,,,,,,
Point,3.35,6.4463,node/13749439564,6,ajeromi/ifelodun,ferry_terminal,false,passengers,149,number 1 (ajegunle) waterside,admin_level 6 represents local government areas,operational,private,private,stop_position,public tech studio,2026-04-21,,,,,,,survey,,,,,,,
Point,3.3508931,6.4484401,node/13749439565,6,ajeromi/ifelodun,ferry_terminal,false,passengers,147,number 2 (ajegunle) waterside/kumuyi street(ajegunle),admin_level 6 represents local government areas,operational,private,private,stop_position,public tech studio,2026-04-21,,,,,,,survey,,,,,,,
Point,2.708001,6.444708,node/13749439570,6,badagry,ferry_terminal,false,passengers,139,pashi,admin_level 6 represents local government areas,operational,private,private,stop_position,public tech studio,2026-04-21,,,,,,,survey,,,,,,,
Point,3.3883303,6.4769088,node/13749439571,6,lagos mainland,ferry_terminal,false,passengers,137,white sand oyingbo,admin_level 6 represents local government areas,non-operational,private,private,stop_position,public tech studio,2026-04-21,,,,,,,survey,,,,,,,
Point,2.8836426,6.4113884,node/13749439577,6,badagry,ferry_terminal,true,passengers,126,slave route landing,admin_level 6 represents local government areas,operational,private,private,stop_position,public tech studio,2026-04-21,,,,,,,survey,,,,,,,
Point,3.348589,6.4410399,node/13749439579,6,ajeromi/ifelodun,ferry_terminal,false,passengers,124,second badagry,admin_level 6 represents local government areas,operational,private,private,stop_position,public tech studio,2026-04-21,,,,,,,survey,,,,,,,
Point,3.2476338,6.4156597,node/13749439582,6,amuwo odofin,ferry_terminal,true,passengers,120,power line,admin_level 6 represents local government areas,operational,private,private,stop_position,public tech studio,2026-04-21,,,,,,,survey,,,,,,,
Point,3.2524696,6.4119709,node/13749439583,6,amuwo odofin,ferry_terminal,true,passengers,119,police,admin_level 6 represents local government areas,operational,private,private,stop_position,public tech studio,2026-04-21,,,,,,,survey,,,,,,,
Point,3.4174567,6.4641704,node/13749439584,6,eti osa,ferry_terminal,false,passengers,117,osborne ferry terminal (ikoyi),admin_level 6 represents local government areas,non-operational,private,private,stop_position,public tech studio,2026-04-21,,,,,,,survey,,,,,,,
Point,3.4097493,6.5795615,node/13749439587,6,kosofe,ferry_terminal,true,passengers,112,agboyi 1,admin_level 6 represents local government areas,operational,private,private,stop_position,public tech studio,2026-04-21,,,,,,,survey,,,,,,,
Point,3.351415,6.4482307,node/13749439591,6,apapa,ferry_terminal,false,passengers,105,number 2 (apapa) waterside,admin_level 6 represents local government areas,operational,private,private,stop_position,public tech studio,2026-04-21,,,,,,,survey,,,,,,,
Point,3.3890667,6.4353942,node/13749439593,6,apapa,ferry_terminal,false,passengers,103,muller,admin_level 6 represents local government areas,non-operational,private,private,stop_position,public tech studio,2026-04-21,,,,,,,survey,,,,,,,
Point,3.3498518,6.4460592,node/13749439594,6,ajeromi/ifelodun,ferry_terminal,false,passengers,102,mogaji (ajegunle),admin_level 6 represents local government areas,operational,private,private,stop_position,public tech studio,2026-04-21,,,,,,,survey,,,,,,,
Point,3.3845329,6.4705735,node/13749439598,6,lagos mainland,ferry_terminal,false,passengers,98,mainland iddo,admin_level 6 represents local government areas,non-operational,private,private,stop_position,public tech studio,2026-04-21,,,,,,,survey,,,,,,,
Point,3.579538,6.509071,node/13749439599,6,eti-osa,ferry_terminal,false,passengers,95,langbasa,admin_level 6 represents local government areas,non-operational,public,lagos state waterways authority (laswa),stop_position,public tech studio,2026-04-21,,,,,,,survey,,,,,,,
Point,3.2807528,6.4302244,node/13749481212,6,amuwo odofin,ferry_terminal,true,passengers,79,imore waterside,admin_level 6 represents local government areas,operational,private,private,stop_position,public tech studio,2026-04-21,,,,,,,survey,,,,,,,
Point,3.3430314,6.4139335,node/13749481215,6,amuwo odofin,ferry_terminal,true,passengers,76,ilado waterfront,admin_level 6 represents local government areas,non-operational,private,private,stop_position,public tech studio,2026-04-21,,,,,,,survey,,,,,,,
Point,3.5890471,6.5632172,node/13749481221,6,ikorodu,ferry_terminal,false,passengers,69,ijede/tarzan,admin_level 6 represents local government areas,operational,public,lagos state waterways authority (laswa),stop_position,public tech studio,2026-04-21,,,,,,,survey,,,,,,,
Point,3.206473,6.552229,node/13749481224,6,alimosho,ferry_terminal,true,passengers,63,igando landing/isuti,admin_level 6 represents local government areas,operational,private,private,stop_position,public tech studio,2026-04-21,,,,,,,survey,,,,,,,
Point,3.4245956,6.4392275,node/13749481231,6,eti osa,ferry_terminal,true,passengers,54,fiki marine (victoria island),admin_level 6 represents local government areas,operational,private,private,stop_position,public tech studio,2026-04-21,,,,,,,survey,,,,,,,
Point,3.4041996,6.4405074,node/13749481232,6,eti osa,ferry_terminal,true,passengers,52,ferry port/checkpoint,admin_level 6 represents local government areas,operational,private,private,stop_position,public tech studio,2026-04-21,,,,,,,survey,,,,,,,
Point,3.7151988,6.4828966,node/13749481234,6,ibeju lekki,ferry_terminal,false,passengers,49,eputu,admin_level 6 represents local government areas,non-operational,private,private,stop_position,public tech studio,2026-04-21,,,,,,,survey,,,,,,,
Point,3.2542785,6.411355,node/13749481236,6,amuwo odofin,ferry_terminal,false,passengers,44,elegushi,admin_level 6 represents local government areas,operational,private,private,stop_position,public tech studio,2026-04-21,,,,,,,survey,,,,,,,
Point,3.6001959,6.5602161,node/13749481237,6,ikorodu,ferry_terminal,true,passengers,42,egbin,admin_level 6 represents local government areas,operational,private,private,stop_position,public tech studio,2026-04-21,,,,,,,survey,,,,,,,
Point,4.134563,6.403051,node/13749481239,6,ibeju lekki,ferry_terminal,false,passengers,40,ebute lekki,admin_level 6 represents local government areas,non-operational,private,private,stop_position,public tech studio,2026-04-21,,,,,,,survey,,,,,,,
Point,3.2558011,6.4278858,node/13749481241,6,amuwo odofin,ferry_terminal,false,passengers,37,cele,admin_level 6 represents local government areas,operational,private,private,stop_position,public tech studio,2026-04-21,,,,,,,survey,,,,,,,
Point,3.2941492,6.4744847,node/13749481242,6,amuwo odofin,ferry_terminal,true,passengers,36,capital oil/festac,admin_level 6 represents local government areas,operational,private,private,stop_position,public tech studio,2026-04-21,,,,,,,survey,,,,,,,
Point,3.404841,6.4359237,node/13749481244,6,eti osa,ferry_terminal,false,passengers,34,bonny camp (victoria island),admin_level 6 represents local government areas,non-operational,private,private,stop_position,public tech studio,2026-04-21,,,,,,,survey,,,,,,,
Point,3.409454,6.4429111,node/13749481245,6,eti osa,ferry_terminal,false,passengers,33,boat club (ikoyi),admin_level 6 represents local government areas,non-operational,private,private,stop_position,public tech studio,2026-04-21,,,,,,,survey,,,,,,,
Point,3.553069,6.536139,node/13749481247,6,ikorodu,ferry_terminal,true,passengers,31,baiyeku,admin_level 6 represents local government areas,operational,public,lagos state waterways authority (laswa),stop_position,public tech studio,2026-04-21,,,,,,,survey,,,,,,,
Point,3.1648384,6.4039084,node/13749481255,6,ojo,ferry_terminal,true,passengers,19,agaja,admin_level 6 represents local government areas,operational,private,private,stop_position,public tech studio,2026-04-21,,,,,,,survey,,,,,,,
Point,3.4728736,6.5523893,node/13749481259,6,ikorodu,ferry_terminal,true,passengers,15,ibeshe/thesaurus ferry terminal,admin_level 6 represents local government areas,operational,public,lagos state waterways authority (laswa),stop_position,public tech studio,2026-04-21,,,,,,,survey,,,,,,,
Point,3.4590768,6.4475959,node/13749481262,6,eti osa,ferry_terminal,true,passengers,12,alluvia marine/afisco (lekki phase 1),admin_level 6 represents local government areas,operational,private,private,stop_position,public tech studio,2026-04-21,,,,,,,survey,,,,,,,
Point,3.4253303,6.4395559,node/13749481263,6,eti osa,ferry_terminal,true,passengers,11,law school (victoria island),admin_level 6 represents local government areas,operational,private,private,stop_position,public tech studio,2026-04-21,,,,,,,survey,,,,,,,
Point,3.3897131,6.4492081,node/13749481268,6,lagos island,ferry_terminal,true,passengers,6,marina/cms,admin_level 6 represents local government areas,operational,public,national inland waterways authority (niwa),stop_position,public tech studio,2026-04-21,,,,,,,survey,,,,,,,
Point,3.2807528,6.4302244,node/13774143191,6,Amuwo_Odofin,ferry_terminal,,passengers,138,Imore Jetty,admin_level 6 represents local government areas,operational,private,,stop_position,stears open data,,,,,,,,survey,,,this location is a ferry jetty with active commercial ferry activity.,false,2025-02-22,,
Point,3.280746,6.426853,node/13774143192,6,amuwo odofin,ferry_terminal,false,passengers,222,imore community,admin_level 6 represents local government areas,operational,private,private,stop_position,public tech studio,2026-04-21,,,,,,,survey,,,,,,,
Point,3.4108125,6.5798309,node/13774143195,6,kosofe,ferry_terminal,true,passengers,22,oko agbon,admin_level 6 represents local government areas,operational,private,private,stop_position,public tech studio,2026-04-21,,,,,,,survey,,,,,,,
Point,3.3966119,6.4010617,node/13774166342,6,Amuwo_Odofin,ferry_terminal,true,passengers,130,Tarkwa Bay,admin_level 6 represents local government areas,operational,public,lagos state waterways authority (laswa),stop_position,stears open data,2026-04-21,,,yes,,,,survey,,,this location is a ferry jetty with active commercial ferry activity.,true,2025-02-22,Lagos State Waterways Authority (LASWA),
Point,3.4245956,6.4392275,node/13774166359,6,Eti_Osa,ferry_terminal,,passengers,134,Fiki Marine (VI),admin_level 6 represents local government areas,operational,private,,stop_position,stears open data,,,,,,,,survey,,,this location is a ferry terminal with active commercial ferry activity.,true,2025-02-22,,
Point,3.3521207,6.424203,node/13774166406,6,amuwo odofin,ferry_terminal,true,passengers,64,igbo elejo,admin_level 6 represents local government areas,operational,private,private,stop_position,public tech studio,2026-04-21,,,,,,,survey,,,,,,,
Point,3.3477455,6.4263514,node/13774166416,6,apapa,ferry_terminal,true,passengers,84,isoda,admin_level 6 represents local government areas,operational,private,private,stop_position,public tech studio,2026-04-21,,,,,,,survey,,,,,,,
Point,3.3077366,6.4590664,node/13774166587,6,Amuwo_Odofin,ferry_terminal,true,passengers,14,Mile 2/NIWA,admin_level 6 represents local government areas,operational,private,private,stop_position,stears open data,2026-04-21,,,yes,,,,survey,,,this location is a ferry jetty with active commercial ferry activity.,false,2025-02-22,Lagos State Waterways Authority (LASWA),
Point,2.8607495,6.4195637,node/13774166624,6,badagry,ferry_terminal,true,passengers,57,gbaji yekeme jetty,admin_level 6 represents local government areas,operational,private,private,station,public tech studio,2026-04-21,,,yes,,,,survey,,,,,,,
Point,3.2366781,6.4370435,node/13774166692,6,amuwo odofin,ferry_terminal,true,passengers,18,abule osun,admin_level 6 represents local government areas,operational,private,private,stop_position,public tech studio,2026-04-21,,,,,,,survey,,,,,,,
Point,3.3107923,6.4373424,node/13774166701,6,amuwo odofin,ferry_terminal,true,passengers,92,kirikiri,admin_level 6 represents local government areas,operational,private,private,stop_position,public tech studio,2026-04-21,,,,,,,survey,,,,,,,
Point,3.3982996,6.4262458,node/13774166743,6,apapa,ferry_terminal,true,passengers,106,ogogoro village,admin_level 6 represents local government areas,operational,private,private,stop_position,public tech studio,2026-04-21,,,,,,,survey,,,,,,,
Point,3.2617318,6.4076092,node/13774166750,6,amuwo odofin,ferry_terminal,true,passengers,60,ibese,admin_level 6 represents local government areas,operational,private,private,stop_position,public tech studio,2026-04-21,,,,,,,survey,,,,,,,
Point,3.2055818,6.4063128,node/13774166754,6,amuwo odofin,ferry_terminal,true,passengers,77,ilashe,admin_level 6 represents local government areas,operational,private,private,stop_position,public tech studio,2026-04-21,,,,,,,survey,,,,,,,
Point,3.3433885,6.4353345,node/13774166860,6,apapa,ferry_terminal,false,passengers,55,first gate (tin can island),admin_level 6 represents local government areas,operational,private,private,stop_position,public tech studio,2026-04-21,,,,,,,survey,,,,,,,
Point,3.3515809,6.4504109,node/13774166862,6,apapa,ferry_terminal,false,passengers,35,boundary (apapa)/number 3 (apapa) waterside,admin_level 6 represents local government areas,operational,private,private,stop_position,public tech studio,2026-04-21,,,,,,,survey,,,,,,,
Point,3.3511636,6.4503929,node/13774166863,6,ajeromi/ifelodun,ferry_terminal,false,passengers,16,number 3 (ajegunle) waterside,admin_level 6 represents local government areas,operational,private,private,stop_position,public tech studio,2026-04-21,,,,,,,survey,,,,,,,
Point,3.9752394,6.5775334,node/13774167322,6,epe,ferry_terminal,true,passengers,46,epe ayetoro jetty,admin_level 6 represents local government areas,operational,private,private,stop_position,public tech studio,2026-04-21,,,,,,,survey,,,,,,,
Point,4.095192,6.5194041,node/13774167323,6,epe,ferry_terminal,true,passengers,17,abomiti-nla epe,admin_level 6 represents local government areas,operational,private,private,stop_position,public tech studio,2026-04-21,,,,,,,survey,,,,,,,
Point,3.62685,6.502234,node/13774167376,6,epe,ferry_terminal,false,passengers,152,kabiyesi itomu jetty,admin_level 6 represents local government areas,operational,private,private,stop_position,public tech studio,2026-04-21,,,,,,,survey,,,,,,,
Point,3.6287304,6.5007024,node/13774167377,6,epe,ferry_terminal,true,passengers,86,itomu jetty,admin_level 6 represents local government areas,operational,private,private,stop_position,public tech studio,2026-04-21,,,,,,,survey,,,,,,,
Point,3.243437,6.4090813,node/13774167514,6,amuwo odofin,ferry_terminal,true,passengers,93,koko beach,admin_level 6 represents local government areas,operational,private,private,stop_position,public tech studio,2026-04-21,,,,,,,survey,,,,,,,
Point,3.2595354,6.407407,node/13774167519,6,amuwo odofin,ferry_terminal,true,passengers,114,olu landing,admin_level 6 represents local government areas,operational,private,private,stop_position,public tech studio,2026-04-21,,,,,,,survey,,,,,,,
Point,3.1529773,6.4244662,node/13774168013,6,ojo,ferry_terminal,true,passengers,81,irewe ojo,admin_level 6 represents local government areas,operational,private,private,stop_position,public tech studio,2026-04-21,,,,,,,survey,,,,,,,
Point,3.2018972,6.563707,node/13774168058,6,alimosho,ferry_terminal,true,passengers,71,ijon,admin_level 6 represents local government areas,operational,private,private,stop_position,public tech studio,2026-04-21,,,,,,,survey,,,,,,,
Point,3.6054642,6.5151532,node/13774168076,6,eti osa,ferry_terminal,true,passengers,8,badore jetty (tarzan),admin_level 6 represents local government areas,operational,public,lagos state waterways authority (laswa),stop_position,public tech studio,2026-04-21,,,,,,,survey,,,,,,,
Point,3.2353653,6.428666,node/13774168149,6,amuwo odofin,ferry_terminal,true,passengers,80,irede,admin_level 6 represents local government areas,operational,private,private,stop_position,public tech studio,2026-04-21,,,,,,,survey,,,,,,,
Point,3.4271794,6.4420945,node/13774168421,6,Eti_Osa,ferry_terminal,true,passengers,2,Five Cowries/Falomo (VI),admin_level 6 represents local government areas,operational,public,lagos state waterways authority (laswa),stop_position,stears open data,2026-04-21,,,yes,,,,survey,,,this location is a ferry terminal with active commercial ferry activity.,false,2025-02-22,Lagos State Waterways Authority (LASWA),
Point,3.3702848,6.4345359,node/13774168455,,,ferry_terminal,,,,Allens Unit/Alex Apapa,,,,,,,,,,,,,,,,,,,,,
Point,3.3733952,6.431068,node/13774168464,6,apapa,ferry_terminal,false,passengers,91,kabakaba,admin_level 6 represents local government areas,operational,private,private,stop_position,public tech studio,2026-04-21,,,,,,,survey,,,,,,,
Point,3.3709107,6.429987,node/13774168466,6,apapa,ferry_terminal,false,passengers,99,manager,admin_level 6 represents local government areas,operational,private,private,stop_position,public tech studio,2026-04-21,,,,,,,survey,,,,,,,
