geom_type,lon,lat,@id,amenity,name,short_name,wikidata,wikipedia,@geometry,addr:city,addr:postcode,addr:street,barrier,contact:email,contact:phone,grades,operator,operator:ref,operator:type,ref,ref:qzp,disused,contact:fax,building,check_date,contact:website,alt_name,website,addr:housenumber,email,phone,religion,survey:date,surface,official_name,source,denomination,isced:level,landuse,playground,fax,ref:aeep,addr:place,name:en,addr:housename,education,description,image,min_age,opening_hours,wheelchair,Latitude,Longitude,ref:UAI,school:FR,facility_amount,facility_pay,facility_use,source:position,status,users_PLWD,users_boy,users_elderly,users_female,users_girl,users_men,internet_access,level,start_date
Point,2.9385741,6.4115668,way/11102692,school,Administrative Staff College Of Nigeria,ASCON,Q20990740,en:Administrative Staff College of Nigeria,center,,,,,,,,,,,,,,,,,,,,,,,,,,,,,,,,,,,,,,,,,,,,,,,,,,,,,,,,,,,,
Point,-8.67665,37.0980503,way/71593689,school,Escola Básica de Santa Maria,EB1 de Santa Maria;EB1/JI de Santa Maria,,,center,Lagos,8600-315,Rua da Gafaria,fence,eb1ji.stamaria@escolas.min-edu.pt,+351 282780130,3-9,Agrupamento de Escolas Júlio Dantas,145415,public,294111,QZP.59,,,,,,,,,,,,,,,,,,,,,,,,,,,,,,,,,,,,,,,,,,,,,,,,
Point,-8.6712754,37.0958679,way/92542378,school,,,,,center,,,,,,,,,,,,,yes,,,,,,,,,,,,,,,,,,,,,,,,,,,,,,,,,,,,,,,,,,,,,,,
Point,-8.6765423,37.1079633,way/143883114,school,,,,,center,,,,,,,,,,,,,,,,,,,,,,,,,,,,,,,,,,,,,,,,,,,,,,,,,,,,,,,,,,,,
Point,-8.6495351,37.1184246,way/157858200,school,,,,,center,,,,,,,,,,,,,,,,,,,,,,,,,,,,,,,,,,,,,,,,,,,,,,,,,,,,,,,,,,,,
Point,-8.7327737,37.1550633,way/158032311,school,Escola Básica de Bensafrim,EB1 de Bensafrim,,,center,Bensafrim,8600-069,,fence,eb1.bensafrim@escolas.min-edu.pt,+351 282688131,6-9,Agrupamento de Escolas Gil Eanes,145427,public,207664,QZP.59,,+351 282688131,,,,,,,,,,,,,,,,,,,,,,,,,,,,,,,,,,,,,,,,,,,,,,
Point,-8.7325103,37.1554601,way/158037093,school,,,,,center,,,,,,,,,,,,,,,yes,,,,,,,,,,,,,,,,,,,,,,,,,,,,,,,,,,,,,,,,,,,,,
Point,-8.7317504,37.1556047,way/158053687,school,,,,,center,,,,,,,,,,,,,,,yes,,,,,,,,,,,,,,,,,,,,,,,,,,,,,,,,,,,,,,,,,,,,,
Point,-8.6770507,37.1080342,way/158617749,school,,,,,center,,,,,,,,,,,,,,,yes,,,,,,,,,,,,,,,,,,,,,,,,,,,,,,,,,,,,,,,,,,,,,
Point,-8.6767247,37.1082222,way/158617755,school,,,,,center,,,,,,,,,,,,,,,yes,,,,,,,,,,,,,,,,,,,,,,,,,,,,,,,,,,,,,,,,,,,,,
Point,-8.6767788,37.1079912,way/158617798,school,CASLAS,,,,center,,,,,,,,,,,,,,,yes,2026-04-26,,,,,,,,,,,,,,,,,,,,,,,,,,,,,,,,,,,,,,,,,,,,
Point,-8.6873974,37.0962826,way/158617816,school,Escola Secundária Gil Eanes,,,,center,Lagos,8600-614,Rua da Escola Gil Eanes,fence,direcao@aegileanes.edu.gov.pt;servicos@aegileanes.edu.gov.pt,+351 282770160,12-17,Agrupamento de Escolas Gil Eanes,145427,public,400233,QZP.59,,+351 282768875,,,http://www.escola-gileanes.pt,,,,,,,,,,,,,,,,,,,,,,,,,,,,,,,,,,,,,,,,,,,
Point,-8.6764958,37.1082846,way/158617849,school,,,,,center,,,,,,,,,,,,,,,yes,,,,,,,,,,,,,,,,,,,,,,,,,,,,,,,,,,,,,,,,,,,,,
Point,-8.6528492,37.150042,way/158700455,school,Escola Básica de Odiáxere,EB1 de Odiáxere,,,center,,8600-000,Travessa João de Deus,fence,eb1.odeaxere@escolas.min-edu.pt,+351 282798909,6-9,Agrupamento de Escolas Gil Eanes,145427,public,259895,QZP.59,,+351 282798909,,,,,,,,,,,,,,,,,,,,,,,,,,,,,,,,,,,,,,,,,,,,,,
Point,-8.6895879,37.1054788,way/159115104,school,Escola Básica Tecnopolis,"EB2,3 Tecnopolis",,,center,Lagos,8600-001,Rua Dom Gaspar de Leão,fence,eb.tecnopolis@escolas.min-edu.pt,+351 282244430,10-14,"Agrupamento de Escolas Júlio Dantas, Lagos",145415,public,346901,QZP.59,,+351 282244459,,,http://www.avelagos.net/,Escola Básica Tecnopolis de Lagos,,,,,,,,,,,,,,,,,,,,,,,,,,,,,,,,,,,,,,,,,,
Point,-8.6708102,37.1101814,way/164616481,school,Escola Básica das Naus,"EB2,3 das Naus",,,center,Lagos,8600-315,,fence,eb23.naus@escolas.min-edu.pt,+351 282792266,10-14,Agrupamento de Escolas Gil Eanes,145427,public,341940,QZP.59,,+351 282792265,,,,,,,,,,,,,,,,,,,,,,,,,,,,,,,,,,,,,,,,,,,,,,
Point,-8.6768132,37.1015383,way/373798482,school,Escola Básica N.º 1 de Lagos,EB1 N.º 1 de Lagos;EB1 do Bairro Operário,,,center,Lagos,8600-331,,fence,eb1.n1.lagos@escolas.min-edu.pt,+351 282769247,6-9,Agrupamento de Escolas Júlio Dantas,145415,public,228930,QZP.59,,+351 282768635,,,,Escola Básica do Bairro Operário,,,,,,,,,,,,,,,,,,,,,,,,,,,,,,,,,,,,,,,,,,
Point,3.6960298,6.4610758,way/378260772,school,Greensprings School - Lekki Campus,,,,center,,,,,,,,,,,,,,,,,,,https://www.greenspringsschool.com/,,,,,,,,,,,,,,,,,,,,,,,,,,,,,,,,,,,,,,,,,
Point,3.9622823,6.6165241,way/379358948,school,Altantic Hall Boarding School,,Q4816448,en:Atlantic Hall,center,,,,,,,,,,,,,,,,,,,https://atlantic-hall.net/,,,,,,,,,,,,,,,,,,,,,,,,,,,,,,,,,,,,,,,,,
Point,3.3497619,6.4291151,way/434338035,school,Sea School,,,,center,,,,,,,,,,,,,,,,,,,,,,,,,,,,,,,,,,,,,,,,,,,,,,,,,,,,,,,,,,,,
Point,3.4491384,6.4333818,way/481337673,school,British International School Lagos,,Q22032051,en:British International School Lagos,center,Lagos,,Land Bridge Avenue,,,+234 706 174 3619,,,,,,,,,,,,British International Primary School,https://bijsnigeria.org/,1,,,,,,,,,,,,,,,,,,,,,,,,,,,,,,,,,,,,,,,,
Point,3.4368853,6.4530562,way/504468148,school,Lagos Preparatory School,,Q6472609,,center,Lagos,,Glover Road,,,,,,,,,,,,,,,,,36-40,,,,,,,,,,,,,,,,,,,,,,,,,,,,,,,,,,,,,,,,
Point,3.4067544,6.4390061,way/507665758,school,Netherlands International School Lagos,,,,center,Lagos,,Walter Carrington Crescent,,,,,,,,,,,,,,,,,13A/B,,,,,,,,,,,,,,,,,,,,,,,,,,,,,,,,,,,,,,,,
Point,3.3875044,6.5331414,way/525043233,school,CMS Grammar School,,Q5013015,"en:CMS Grammar School, Lagos",center,,,,,,,,,,,,,,,,,,,,,,,,,,,,,,,,,,,,,,,,,,,,,,,,,,,,,,,,,,,,
Point,3.4345058,6.4368951,way/537017448,school,American International School Lagos,,Q20312652,,center,Lagos,,Federal Housing Complex Road,,,,,,,,,,,,,,,,,1004,,,,,,,,,,,,,,,,,,,,,,,,,,,,,,,,,,,,,,,,
Point,3.4360027,6.4264662,way/537017477,school,Lycée Français Louis Pasteur,,Q19572739,en:Lycée Français Louis Pasteur de Lagos,center,Lagos,,Younis Bashorun Street,,,,,,,,,,,,,,,,,16,,,,,,,,,,,,,,,,,,,,,,,,,,,,,,,,,,,,,,,,
Point,3.4356498,6.4275215,way/537017478,school,Methodist Boys' High School,,,,center,Lagos,,Sinari Daranijo Street,,,,,,,,,,,,,,,,,11,,,,,,,,,,,,,,,,,,,,,,,,,,,,,,,,,,,,,,,,
Point,3.3523644,6.5879065,way/537017561,school,Avi-Cenna International School,,Q21481035,en:Avi-Cenna International School,center,Lagos,,Harold Sodipo Crescent,,,,,,,,,,,,,,,,https://avi-cenna.com/,6,,,,,,,,,,,,,,,,,,,,,,,,,,,,,,,,,,,,,,,,
Point,3.4133281,6.4340753,way/537017590,school,Corona School Victoria Island,,,,center,,,Waziri Ibrahim Crescent,,,,,,,,,,,,,,,,,,,,,,,,,,,,,,,,,,,,,,,,,,,,,,,,,,,,,,,,,
Point,3.5881247,6.4660267,way/539288411,school,Greater Scholars International School,,,,center,,,,,,,,,,,,,,,,,,,,,,,,,,,,,,,,,,,,,,,,,,,,,,,,,,,,,,,,,,,,
Point,3.4503971,6.4475883,way/540869065,school,Saint Saviour's School Ikoyi,,,,center,Lagos,,Alexander Avenue,,,,,,,,,,,,,,,,,54,,,,,,,,,,,,,,,,,,,,,,,,,,,,,,,,,,,,,,,,
Point,3.446499,6.4608108,way/540869075,school,Greenwood House School,,,,center,,,,,,,,,,,,,,,,,,,,,,,,,,,,,,,,,,,,,,,,,,,,,,,,,,,,,,,,,,,,
Point,3.3500371,6.5891803,way/540869127,school,Police College Ikeja,,,,center,Lagos,,Oba Akinjobi Street,,,,,,,,,,,,,,,,,,,,,,,,,,,,,,,,,,,,,,,,,,,,,,,,,,,,,,,,,
Point,3.340025,6.5977362,way/541689636,school,New Horizons Nigeria Ikeja Campus,,,,center,,,,,,,,,,,,,,,,,,,,,,,,,,,,,,,,,,,,,,,,,,,,,,,,,,,,,,,,,,,,
Point,-99.5267233,27.4472255,way/543921634,school,Centro de Bachillerato Tecnológico Industrial y de Servicios No. 137 (CBTis 137),,,,center,,,,,,,1-6,,,,,,,,,,,,https://www.cbtis137.edu.mx/,,,,,,,,,,,,,,,,,,,,,,,,,,,,,,,,,,,,,,,,,
Point,3.4718941,6.440087,way/544212470,school,The Rock Montessori School,,,,center,,,,,,,,,,,,,,,,,,,,,,,,,,,,,,,,,,,,,,,,,,,,,,,,,,,,,,,,,,,,
Point,3.4657372,6.4449396,way/544212474,school,Enrico Mattei Italian International School Lagos,,,,center,,,,,,,,,,,,,,,,,,,,,,,,,,,,,,,,,,,,,,,,,,,,,,,,,,,,,,,,,,,,
Point,3.4677421,6.4346932,way/551350580,school,Lagoon School,,,,center,,,,,,,,,,,,,,,,,,,,,,,,,,,,,,,,,,,,,,,,,,,,,,,,,,,,,,,,,,,,
Point,3.4709945,6.4441181,way/555290455,school,Lekki British School,,,,center,,,,,,,,,,,,,,,,,,,,,,,,,,,,,,,,,,,,,,,,,,,,,,,,,,,,,,,,,,,,
Point,3.4714482,6.4451984,way/555290499,school,Lekki British Junior School,,,,center,,,,,,,,,,,,,,,,,,,,,,,,,,,,,,,,,,,,,,,,,,,,,,,,,,,,,,,,,,,,
Point,3.4704193,6.4469808,way/555290536,school,Crisland School Lekki,,,,center,,,Olubunmi Owa St,,,,,,,,,,,,,,,,,,,,,,,,,,,,,,,,,,,,,,,,,,,,,,,,,,,,,,,,,
Point,3.4657428,6.428543,way/555290584,school,Ocean Crest School,,,,center,,,,,,,,,,,,,,,,,,,,,,,,,,,,,,,,,,,,,,,,,,,,,,,,,,,,,,,,,,,,
Point,3.9411225,6.5723433,way/558906221,school,Neander International School,,,,center,,,,,,,,,,,,,,,,,,,,,,,,,,,,,,,,,,,,,,,,,,,,,,,,,,,,,,,,,,,,
Point,3.4370071,6.4441535,way/560190818,school,Corona Primary School Ikoyi,,,,center,Lagos,,Mekunwen Road,,,,,,,,,,,,,,,,,8,,,,,,,,,,,,,,,,,,,,,,,,,,,,,,,,,,,,,,,,
Point,3.436466,6.4440798,way/560190843,school,Hope and Ireti Primary Schools,,,,center,Lagos,,Mekunwen Road,,,,,,,,,,,,,,,,,4,,,,,,,,,,,,,,,,,,,,,,,,,,,,,,,,,,,,,,,,
Point,3.4539444,6.4637521,way/570559570,school,Banana Island School,,,,center,Lagos,,227 Close,,,,,,,,,,,,,,,,https://www.bananaislandschool.com/,,mail@bananaislandschool.com,+234 812 992 7447,,,,,,,,,,,,,,,,,,,,,,,,,,,,,,,,,,,,,,
Point,3.4271921,6.4565915,way/570559588,school,St. John Paul II School,,,,center,Lagos,,Glover Road,,,,,,,,,,,,,,,,,14,,,,,,,,,,,,,,,,,,,,,,,,,,,,,,,,,,,,,,,,
Point,3.4452189,6.451192,way/570657230,school,Home Science Association Nursery & Primary School Ikoyi,,,,center,Lagos,,Ruxton Street,,,,,,,,,,,,,,,,,6,,,,,,,,,,,,,,,,,,,,,,,,,,,,,,,,,,,,,,,,
Point,3.4458354,6.4272748,way/599054420,school,Whiteoak School,,,,center,,,,,,,,,,,,,,,,,,,,,,,,,,,,,,,,,,,,,,,,,,,,,,,,,,,,,,,,,,,,
Point,3.364235,6.551784,way/604386577,school,Indian Language School Lagos,,,,center,Lagos,,Aina George Street,,,,,,,,,,,,,,,,,6,,,,,,,,,,,,,,,,,,,,,,,,,,,,,,,,,,,,,,,,
Point,3.3757089,6.6048007,way/611247774,school,Caleb Secondary School,,,,center,Ikeja,,CMD Avenue,,,,,,,,,,,,,,,,,,,,,,,,,,,,,,,,,,,,,,,,,,,,,,,,,,,,,,,,,
Point,3.3508964,6.5743539,way/611586860,school,STT&T,,,,center,,,Remi Fani-Kayode Avenue,,,,,,,,,,,,,,,,,,,,,,,,,,,,,,,,,,,,,,,,,,,,,,,,,,,,,,,,,
Point,3.4386782,6.4363681,way/627612253,school,Victoria Island Nursery & Primary School,,,,center,,,,,,,,,,,,,,,,,,,,,,,,,,,,,,,,,,,,,,,,,,,,,,,,,,,,,,,,,,,,
Point,3.5389765,6.5517481,way/680465790,school,Community Secondary School Baiyeku,,,,center,,,,,,,,,,,,,,,,,,,,,,,,,,,,,,,,,,,,,,,,,,,,,,,,,,,,,,,,,,,,
Point,3.522406,6.5879719,way/680466348,school,Zumratul Islamiya Grammar school,,,,center,,,Obafemi Awolowo way,,,,,Lagos state Govt,,,,,,,,,,,,,,,muslim,,,,,,,,,,,,,,,,,,,,,,,,,,,,,,,,,,,,,
Point,3.346115,6.5912841,way/704995747,school,Police Training School Ikeja,,,,center,,,,,,,,,,,,,,,,,,,,,,,,,,,,,,,,,,,,,,,,,,,,,,,,,,,,,,,,,,,,
Point,3.2694329,6.6737595,way/705854752,school,African Church Primary School,,,,center,,,,,,,,Lagos State Government,,,,,,,,,,,,,,,,,,,,,,,,,,,,,,,,,,,,,,,,,,,,,,,,,,,,
Point,3.2894984,6.5654708,way/707826539,school,"Chrisland College, Idimu",,,,center,,,,,,,,,,,,,,,,,,,https://chrislandschools.org/,,,,,,,,,,,,,,,,,,,,,,,,,,,,,,,,,,,,,,,,,
Point,3.3885538,6.5537466,way/707853512,school,,,,,center,,,,,,,,,,,,,,,,,,,,,,,,,,,,,,,,,,,,,,,,,,,,,,,,,,,,,,,,,,,,
Point,3.3901616,6.5350331,way/707858106,school,,,,,center,,,,,,,,,,,,,,,,,,,,,,,,,,,,,,,,,,,,,,,,,,,,,,,,,,,,,,,,,,,,
Point,3.3869367,6.5312222,way/707858107,school,,,,,center,,,,,,,,,,,,,,,,,,,,,,,,,,,,,,,,,,,,,,,,,,,,,,,,,,,,,,,,,,,,
Point,3.3766938,6.6297632,way/733601658,school,,,,,center,,,,,,,,,,,,,,,,,,,,,,,,,,,,,,,,,,,,,,,,,,,,,,,,,,,,,,,,,,,,
Point,3.3726695,6.6373114,way/733604260,school,,,,,center,,,,,,,,,,,,,,,,,,,,,,,,,,,,,,,,,,,,,,,,,,,,,,,,,,,,,,,,,,,,
Point,3.3946134,6.6003259,way/733621371,school,,,,,center,,,,,,,,,,,,,,,,,,,,,,,,,,,,,,,,,,,,,,,,,,,,,,,,,,,,,,,,,,,,
Point,3.396706,6.5932841,way/733621397,school,,,,,center,,,,,,,,,,,,,,,,,,,,,,,,,,,,,,,,,,,,,,,,,,,,,,,,,,,,,,,,,,,,
Point,3.2776729,6.51518,way/733633242,school,,,,,center,,,,,,,,,,,,,,,,,,,,,,,,,,,,,,,,,,,,,,,,,,,,,,,,,,,,,,,,,,,,
Point,3.2911168,6.5226964,way/733633243,school,,,,,center,,,,,,,,,,,,,,,,,,,,,,,,,,,,,,,,,,,,,,,,,,,,,,,,,,,,,,,,,,,,
Point,3.2814764,6.6063171,way/734438171,school,,,,,center,,,,,,,,,,,,,,,,,,,,,,,,,,,,,,,,,,,,,,,,,,,,,,,,,,,,,,,,,,,,
Point,3.376441,6.5276409,way/735024470,school,,,,,center,,,,,,,,,,,,,,,,,,,,,,,,2022-01-07,,,,,,,,,,,,,,,,,,,,,,,,,,,,,,,,,,,,
Point,3.2760129,6.4510614,way/735119438,school,Nigerian Navy Secondary School Ojo,,,,center,,,,,,,,,,,,,,,,,,,,,,,,,,,,,,,,,,,,,,,,,,,,,,,,,,,,,,,,,,,,
Point,3.3799301,6.6176488,way/735140638,school,Supreme High School,,,,center,,,,,,,,,,,,,,,,,,,,,,,,,,,,,,,,,,,,,,,,,,,,,,,,,,,,,,,,,,,,
Point,3.2669662,6.5535797,way/737290198,school,,,,,center,,,,,,,,,,,,,,,,,,,,,,,,,,,,,,,,,,,,,,,,,,,,,,,,,,,,,,,,,,,,
Point,3.2653711,6.5451002,way/739531714,school,,,,,center,,,,,,,,,,,,,,,,,,,,,,,,,,,,,,,,,,,,,,,,,,,,,,,,,,,,,,,,,,,,
Point,3.249471,6.5531928,way/739531715,school,,,,,center,,,,,,,,,,,,,,,,,,,,,,,,,,,,,,,,,,,,,,,,,,,,,,,,,,,,,,,,,,,,
Point,3.2475889,6.5506574,way/739536563,school,,,,,center,,,,,,,,,,,,,,,,,,,,,,,,,,,,,,,,,,,,,,,,,,,,,,,,,,,,,,,,,,,,
Point,3.3711133,6.5282902,way/741295045,school,Igbobi College,,Q16733645,en:Igbobi College,center,,,,,,,,,,,,,,,,,,,https://igbobicollegeyaba.com,,,,,,unpaved,,,,,,,,,,,,,,,,,,,,,,,,,,,,,,,,,,,
Point,3.3728989,6.5272591,way/741295046,school,,,,,center,,,,,,,,,,,,,,,,,,,,,,,,,unpaved,,,,,,,,,,,,,,,,,,,,,,,,,,,,,,,,,,,
Point,3.3736701,6.5275513,way/741295047,school,,,,,center,,,,,,,,,,,,,,,,,,,,,,,,2022-01-07,unpaved,,,,,,,,,,,,,,,,,,,,,,,,,,,,,,,,,,,
Point,3.372891,6.5289891,way/741295048,school,,,,,center,,,,,,,,,,,,,,,,,,,,,,,,,unpaved,,,,,,,,,,,,,,,,,,,,,,,,,,,,,,,,,,,
Point,3.135132,6.4908115,way/741313010,school,Federal Government College Lagos,,Q5440236,en:Federal Government College Lagos,center,,,,,,,,,,,,,,,,,,,https://fgclagos.org.ng/,,,,,,,,,,,,,,,,,,,,,,,,,,,,,,,,,,,,,,,,,
Point,3.3289906,6.6183354,way/741343401,school,,,,,center,,,,,,,,,,,,,,,,,,,,,,,,,,,,,,,,,,,,,,,,,,,,,,,,,,,,,,,,,,,,
Point,3.3830907,6.579976,way/742237732,school,Ogudu GRA School Complex,,,,center,,,Emmanuel Street,,,,,,,,,,,,,,,,,,,,,,,,,,,,,,,,,,,,,,,,,,,,,,,,,,,,,,,,,
Point,3.3395374,6.5531429,way/742327210,school,Afariogun Primary school,,,,center,,,,,,,,,,,,,,,,,,,,,,,,,,,,,,,,,,,,,,,,,,,,,,,,,,,,,,,,,,,,
Point,3.4746981,6.5536601,way/742515535,school,Methodist Primary School,,,,center,Ibeshe,,,,,,,,,,,,,,,,,,,,,,,,,,,,,,,,,,,,,,,,,,,,,,,,,,,,,,,,,,,
Point,3.4752699,6.5570062,way/742519253,school,Keme Balogun College,,,,center,,,,,,,,,,,,,,,,,,,,,,,,,,,,,,,,,,,,,,,,,,,,,,,,,,,,,,,,,,,,
Point,3.4780854,6.5638176,way/742564560,school,Kith & Kin Educational Schools,,,,center,,,,,,,,,,,,,,,,,,,https://www.kithandkinschools.com/,,,,,,,,,,,,,,,,,,,,,,,,,,,,,,,,,,,,,,,,,
Point,3.497737,6.6061381,way/742626635,school,Unique Blossom school,,,,center,,,,,,,,private,,,,,,,,,,,,,,,,,,,,,,,,,,,,,,,,,,,,,,,,,,,,,,,,,,,,
Point,3.501833,6.6199468,way/742626665,school,Ayangburen Primary School,,,,center,,,,,,,,,,,,,,,,,,,,,,,,,,,,,,,,,,,,,,,,,,,,,,,,,,,,,,,,,,,,
Point,3.5015079,6.6185674,way/742626666,school,Ayangburen Senior High School,,,,center,,,,,,,,,,,,,,,,,,,,,,,,,,,,,,,,,,,,,,,,,,,,,,,,,,,,,,,,,,,,
Point,3.588915,6.58384,way/742638091,school,Mahmud Ahmadiyya College,,,,center,,,,,,,,,,,,,,,,,,,,,,,,,,,,,,,,,,,,,,,,,,,,,,,,,,,,,,,,,,,,
Point,3.5878936,6.6023681,way/742652352,school,Methodist Primary School,,,,center,Oke-Eletu,,Dede Road,,,,,,,,,,,,,,,,,55,,,,,,"Methodist Primary School, Oke-Eletu",,,,,,,,,,,,,,,,,,,,,,,,,,,,,,,,,,
Point,3.5819829,6.608666,way/742652375,school,Kingsfield College,,,,center,Oke-Eletu,,Ijede Road,,,,,,,,,,,,,,,,,,,,,,,,,,,,,,,,,,,,,,,,,,,,,,,,,,,,,,,,,
Point,3.5925306,6.5701233,way/742675433,school,Anwar ul Islam Primary School,,,,center,Ijede,,Oke-Oyinbo Street,,,,,,,,,,,,,,,,,44,,,,,,,,,,,,,,,,,,,,,,,,,,,,,,,,,,,,,,,,
Point,3.5504407,6.5386602,way/743165529,school,"Local Government Primary School, Baiyeku",,,,center,,,,,,,,,,,,,,,,,,,,,,,,,,,,,,,,,,,,,,,,,,,,,,,,,,,,,,,,,,,,
Point,3.3725523,6.5754735,way/744442353,school,Halifield Schools,,,,center,,,,,,,,,,,,,,,,,,,https://www.halifieldschools.com.ng/,,,,,,,,,,,,,,,,,,,,,,,,,,,,,,,,,,,,,,,,,
Point,3.3433534,6.5533691,way/744474963,school,Ewenla Primary School,,,,center,,,,,,,,,,,,,,,,,,,,,,,,,,,,,,,,,,,,,,,,,,,,,,,,,,,,,,,,,,,,
Point,3.3463917,6.5595838,way/744474986,school,Oshodi Primary School,,,,center,,,,,,,,,,,,,,,,,,,,,,,,,,,mapillary,,,,,,,,,,,,,,,,,,,,,,,,,,,,,,,,,
Point,3.3460384,6.5571076,way/744475002,school,Methodist Primary School,,,,center,Oshodi,,,,,,,,,,,,,,,,,,,,,,,,,"Methodist Primary School, Oshodi",mapillary,,,,,,,,,,,,,,,,,,,,,,,,,,,,,,,,,
Point,3.3446308,6.5534891,way/744486419,school,Ideal Primary School,,,,center,Oshodi,,,,,,,,,,,,,,,,,,,,,,,,,"Ideal Primary School, Oshodi",,,,,,,,,,,,,,,,,,,,,,,,,,,,,,,,,,
Point,3.344998,6.5540211,way/744486420,school,,,,,center,,,,,,,,,,,,,,,,,,,,,,,,,,,,,,,,,,,,,,,,,,,,,,,,,,,,,,,,,,,,
Point,3.3594369,6.5548295,way/744497152,school,,,,,center,,,,,,,,,,,,,,,,,,,,,,,,,,,,,,,,,,,,,,,,,,,,,,,,,,,,,,,,,,,,
Point,3.1226026,6.4766027,way/744502262,school,,,,,center,,,,,,,,,,,,,,,,,,,,,,,,,,,,,,,,,,,,,,,,,,,,,,,,,,,,,,,,,,,,
Point,3.2628873,6.5439655,way/744690447,school,,,,,center,,,,,,,,,,,,,,,,,,,,,,,,,,,,,,,,,,,,,,,,,,,,,,,,,,,,,,,,,,,,
Point,3.1114732,6.4999145,way/745380537,school,Adeniran Ogunsanya College of Education,AOCOED,Q20646619,en:Adeniran Ogunsanya College of Education,center,,,,,,,,,,,,,,,,,,,,,,,,,,,,,,,,,,,,,,,,,,,,,,,,,,,,,,,,,,,,
Point,3.6704332,6.6616103,way/745396773,school,,,,,center,,,,,,,,,,,,,,,,,,,,,,,,,,,,,,,,,,,,,,,,,,,,,,,,,,,,,,,,,,,,
Point,3.5660669,6.6161704,way/745470838,school,Methodist Primary School,,,,center,elepe Igbogbo,,,,,,,,,,,,,,,,,,,,,,,,,"Methodist Primary School, Elepe Igbogbo",,,,,,,,,,,,,,,,,,,,,,,,,,,,,,,,,,
Point,3.5690407,6.6145652,way/745470839,school,Elepe Community Secondary School,,,,center,Lagos,,Ijede Road,,,,,,,,,,,,,,,,,,,,,,,Elepe Community Junior/Senior Secondary School,,,,,,,,,,,,,,,,,,,,,,,,,,,,,,,,,,
Point,3.5654826,6.6129481,way/745489595,school,Tiakod College,,,,center,,,,,,,,,,,,,,,,,,,http://www.tiakodschools.com/,,,,,,,,,,,,,,,,,,,,,,,,,,,,,,,,,,,,,,,,,
Point,3.5656316,6.6133713,way/745489598,school,Tiakod School,,,,center,,,,,,,,,,,,,,,,,,,http://www.tiakodschools.com/,,,,,,,,,,,,,,,,,,,,,,,,,,,,,,,,,,,,,,,,,
Point,3.5918003,6.5800927,way/746008859,school,Luwasa High School,,,,center,,,,,,,,,,,,,,,,,,,,,,,,,,"Luwasa High School, Ijede",,,,,,,,,,,,,,,,,,,,,,,,,,,,,,,,,,
Point,3.5193781,6.5966262,way/746021160,school,Lagos State Civil Service College,,,,center,Igbogbo,,Oba Omolaja Road,,,,,,,,,,,,,,,,,50,,,,,,,,,,,,,,,,,,,,,,,,,,,,,,,,,,,,,,,,
Point,3.5171645,6.596905,way/746021161,school,Methodist Primary School,,,,center,Igbogbo,,Oba Omolaja Road,,,,,,,,,,,,,,,,,61,,,,,,"Methodist Primary School, Igbogbo",,,,,,,,,,,,,,,,,,,,,,,,,,,,,,,,,,
Point,3.5171575,6.6065944,way/746021162,school,Oriwu Senior Model College,,,,center,,,,,,,,,,,,,,,,,,,,,,,,,,,,,,,,,,,,,,,,,,,,,,,,,,,,,,,,,,,,
Point,3.3936664,6.606686,way/747161017,school,Baptist School,,,,center,,,Ikorodu Road,,,,,,,,,,,,,,,,,590,,,,,,"Baptist School, Mile 12",,,,,,,,,,,,,,,,,,,,,,,,,,,,,,,,,,
Point,3.3283676,6.4719052,way/747165516,school,,,,,center,,,,,,,,,,,,,,,,,,,,,,,,,,,,,,,,,,,,,,,,,,,,,,,,,,,,,,,,,,,,
Point,3.3796172,6.6000557,way/747279127,school,,,,,center,,,,,,,,,,,,,,,,,,,,,,,,,,,,,,,,,,,,,,,,,,,,,,,,,,,,,,,,,,,,
Point,3.3805128,6.5987644,way/747279128,school,Ikosi Senior High School,,,,center,,,,,,,,,,,,,,,,,,,,,,,,,,,,,,,,,,,,,,,,,,,,,,,,,,,,,,,,,,,,
Point,3.3486985,6.6119047,way/747302256,school,,,,,center,,,,,,,,,,,,,,,,,,,,,,,,,,,,,,,,,,,,,,,,,,,,,,,,,,,,,,,,,,,,
Point,3.3618078,6.6260518,way/747457399,school,Mind Builders School,,,,center,,,,,,,,,,,,,,,,,,,,,,,,,,,,,,,,,,,,,,,,,,,,,,,,,,,,,,,,,,,,
Point,3.5990127,6.6382465,way/747461611,school,Babington Macaulay Junior Seminary,BMJS,Q4837914,en:Babington Macaulay Junior Seminary,center,,,,,,,,,,,,,,,,,,,,,,,,,,,,,,,,,,,,,,,,,,,,,,,,,,,,,,,,,,,,
Point,3.3122329,6.6126127,way/748621683,school,Dopemu Primary School,,,,center,,,,,,,,,,,,,,,,,,,,,,,,,,,,,,,,,,,,,,,,,,,,,,,,,,,,,,,,,,,,
Point,3.3123894,6.6159028,way/748621689,school,,,,,center,,,,,,,,,,,,,,,,,,,,,,,,,,,,,,,,,,,,,,,,,,,,,,,,,,,,,,,,,,,,
Point,3.374917,6.5165721,way/760061883,school,College Hall,,,,center,,,,,,,,,,,,,,,,,,,,,,,,,,,,,,,,,,,,,,,,,,,,,,,,,,,,,,,,,,,,
Point,3.3909097,6.4601647,way/775429794,school,King Ado Junior High School,,,,center,,,Ojo Giwa Street,,,,,,,,,,,,,2026-03-03,,,,39,,,,,,,,,,,,,,,,,,,,,,,,,,,,,,,,,,,,,,,,
Point,3.3853193,6.488206,way/775431198,school,Ebute Metta Primary School,,,,center,,,,,,,,,,,,,,,,,,,,,,,,,,,,,,,,,,,,,,,,,,,,,,,,,,,,,,,,,,,,
Point,3.375584,6.4904857,way/775433553,school,St. Saviour's School Ebute-Metta,,,,center,,,,,,,,,,,,,,,,,,,http://stsavioursebutemetta.org,,,,,,,,,,,,,,,,,,,,,,,,,,,,,,,,,,,,,,,,,
Point,3.3835337,6.4851879,way/776090349,school,St. Judes Anglican Primary School,,,,center,,,,,,,,,,,,,,,,,,,,,,,,,,,,,,,,,,,,,,,,,,,,,,,,,,,,,,,,,,,,
Point,3.6701313,6.655059,way/776281078,school,Ansar Ud Deen Senior Grammar School,,,,center,Imota,,,,,,,,,,,,,,,,,,,,,,,,,,,,,,,,,,,,,,,,,,,,,,,,,,,,,,,,,,,
Point,3.6576867,6.6220352,way/776288351,school,Lagos State Junior Model College,,,,center,Igbokuta,,Imota Gberigbe Road,,,,,,,,,,,,,,,,,,,,,,,,,,,,,,,,,,,,,,,,,,,,,,,,,,,,,,,,,
Point,3.6291075,6.5768172,way/776290323,school,"Methodist Primary School, Agura",,,,center,,,,,,,,,,,,,,,,,,,,,,,,,,,,,,,,,,,,,,,,,,,,,,,,,,,,,,,,,,,,
Point,3.6201439,6.6016631,way/776294555,school,"Methodist Primary School, Gberigbe",,,,center,,,,,,,,,,,,,,,,,,,,,,,,,,,,,,,,,,,,,,,,,,,,,,,,,,,,,,,,,,,,
Point,3.6196882,6.6037302,way/776294556,school,"Community Junior & Senior Grammar School, Gberigbe",,,,center,,,,,,,,,,,,,,,,,,,,,,,,,,,,,,,,,,,,,,,,,,,,,,,,,,,,,,,,,,,,
Point,3.5812766,6.6109674,way/776524230,school,Excellent West College,,,,center,,,,,,,,,,,,,,,,,,,,,,,,,,,,,,,,,,,,,,,,,,,,,,,,,,,,,,,,,,,,
Point,3.4776732,6.618448,way/778004261,school,"Cherubim & Seraphim Primary School, Majidun",,,,center,Majidun,,,,,,,,,,,,,,,,,,,,,,,,,,,,,,,,,,,,,,,,,,,,,,,,,,,,,,,,,,,
Point,3.47973,6.6188182,way/778004265,school,"Government Junior Model College, Owutu",GJMC,,,center,Owutu,,,,,,,,,,,,,,,,,,,,,,,,,,,,,,,,,,,,,,,,,,,,,,,,,,,,,,,,,,,
Point,3.5227386,6.6298501,way/778598819,school,Hosanna High School,,,,center,,,,,,,,,,,,,,,,,,,,,,,,,,,,,,,,,,,,,,,,,,,,,,,,,,,,,,,,,,,,
Point,3.5142008,6.6372205,way/778616140,school,LSPEB Model Nursery & Primary School,,,,center,,,,,,,,,,,,,,,,,,,,,,,,,,,,,,,,,,,,,,,,,,,,,,,,,,,,,,,,,,,,
Point,3.5205187,6.6583774,way/778616167,school,"Farm Settlement Community Primary School, Odogunyan",,,,center,Odogunyan,,,,,,,,,,,,,,,,,,,,,,,,,,,,,,,,,,,,,,,,,,,,,,,,,,,,,,,,,,,
Point,3.5001563,6.6180464,way/778859478,school,Etunrenren Primary School,,,,center,,,,,,,,,,,,,,,,,,,,,,,,,,,,,,,,,,,,,,,,,,,,,,,,,,,,,,,,,,,,
Point,3.494861,6.6212072,way/778859481,school,Supreme Child School,,,,center,,,,,,,,,,,,,,,,,,,,,,,,,,,,,,,,,,,,,,,,,,,,,,,,,,,,,,,,,,,,
Point,3.5113174,6.6329843,way/778868247,school,Lara Narrow Way Nursery & Primary School,,,,center,,,,,,,,,,,,,,,,,,,,,,,,,,,,,,,,,,,,,,,,,,,,,,,,,,,,,,,,,,,,
Point,3.4847124,6.6109825,way/778976247,school,Ipakodo Junior / Senior Grammar School,,,,center,,,,,,,,,,,,,,,,,,,,,,,,,,,,,,,,,,,,,,,,,,,,,,,,,,,,,,,,,,,,
Point,3.4766403,6.6150963,way/779100945,school,Majidun Junior Grammar School,,,,center,,,,,,,,,,,,,,,,,,,,,,,,,,,,,,,,,,,,,,,,,,,,,,,,,,,,,,,,,,,,
Point,3.4759867,6.6547756,way/779131228,school,U.P.E. Primary School,,,,center,,,,,,,,,,,,,,,,,,,,,,,,,,,,,,,,,,,,,,,,,,,,,,,,,,,,,,,,,,,,
Point,3.4787459,6.6456096,way/779131247,school,Balad Private Schools,,,,center,,,,,,,,,,,,,,,,,,,,,,,,,,,,,,,,,,,,,,,,,,,,,,,,,,,,,,,,,,,,
Point,3.4832478,6.6408257,way/779138024,school,"Lagos State Rehabilitation and Training Centre, Owutu",,,,center,Ikorodu,,,,,,,,,,,,,,,,,,,,,,,,,,,,,,,,,,,,,,,,,,,,,,,,,,,,,,,,,,,
Point,3.3841493,6.5991169,way/780383043,school,,,,,center,,,,,,,,,,,,,,,,,,,,,,,,,,,,,,,,,,,,,,,,,,,,,,,,,,,,,,,,,,,,
Point,3.2217749,6.5882434,way/780722050,school,,,,,center,,,,,,,,,,,,,,,,,,,,,,,,,,,,,,,,,,,,,,,,,,,,,,,,,,,,,,,,,,,,
Point,3.3942742,6.5732169,way/780953618,school,"Anglican Nursery / Primary School, Ogudu",,,,center,,,Ojota Road,,,,,,,,,,,,,,,,,2,,,,,,,,,,,,,,,,,,,,,,,,,,,,,,,,,,,,,,,,
Point,3.3850546,6.5787141,way/780971454,school,Ogudu Junior Grammar School,,,,center,,,,,,,,,,,,,,,,,,,,,,,,,,,,,,,,,,,,,,,,,,,,,,,,,,,,,,,,,,,,
Point,3.3270381,6.6068652,way/781366080,school,"State Primary School, Onipetesi-Mangoro",,,,center,,,Ajakaiye Street,,,,,,,,,,,,,,,,,7;8,,,,,,,,,,,,,,,,,,,,,,,,,,,,,,,,,,,,,,,,
Point,3.3287322,6.609884,way/781366089,school,St. Joseph Nursery / Primary School,,,,center,,,,,,,,,,,,,,,,,,,,,,,,,,,,,,,,,,,,,,,,,,,,,,,,,,,,,,,,,,,,
Point,3.3261813,6.6137953,way/781366097,school,Ife-Oluwa Primary School,,,,center,,,,,,,,,,,,,,,,,,,,,,,,,,,,,,,,,,,,,,,,,,,,,,,,,,,,,,,,,,,,
Point,3.3206557,6.6134709,way/781366098,school,Djibril Martin High School Agege,,,,center,,,,,,,,,,,,,,,,,,,,,,,,,,,,,,,,,,,,,,,,,,,,,,,,,,,,,,,,,,,,
Point,3.3177755,6.6123416,way/781366099,school,Bakre Disu Oshodi Memorial High School,,,,center,,,,,,,,,,,,,,,,,,,,,,,,,,,,,,,,,,,,,,,,,,,,,,,,,,,,,,,,,,,,
Point,3.318969,6.6100781,way/781366100,school,Brightfield College,,,,center,,,,,,,,,,,,,,,,,,,,,,,,,,,,,,,,,,,,,,,,,,,,,,,,,,,,,,,,,,,,
Point,3.3186312,6.6112764,way/781366101,school,"Anwar-ul-Islam Nursery / Primary School, Oniwaya",,,,center,,,,,,,,,,,,,,,,,,,,,,,,,,,,,,,,,,,,,,,,,,,,,,,,,,,,,,,,,,,,
Point,3.3198469,6.6132529,way/781366102,school,"Anwar-ul-Islam Model College, Agege",,,,center,,,,,,,,,,,,,,,,,,,,,,,,,,,,,,,,,,,,,,,,,,,,,,,,,,,,,,,,,,,,
Point,3.3195175,6.6156749,way/781368353,school,"African Church Central Primary School, Agege",,,,center,,,,,,,,,,,,,,,,,,,,,,,,,,,,,,,,,,,,,,,,,,,,,,,,,,,,,,,,,,,,
Point,3.302859,6.5978382,way/781514500,school,Rauf Aregbesola Primary School,,,,center,,,,,,,,,,,,,,,,,,,,,,,,,,,,,,,,,,,,,,,,,,,,,,,,,,,,,,,,,,,,
Point,3.3292303,6.6257624,way/781533931,school,Sango Junior Secondary School,,,,center,,,,,,,,,,,,,,,,,,,,,,,,,,,,,,,,,,,,,,,,,,,,,,,,,,,,,,,,,,,,
Point,3.3272981,6.625895,way/781533944,school,Dairy Farm School Complex,,,,center,,,,,,,,,,,,,,,,,,,,,,,,,,,,,,,,,,,,,,,,,,,,,,,,,,,,,,,,,,,,
Point,3.3415741,6.6307838,way/781644062,school,,,,,center,,,,,,,,,,,,,,,,,,,,,,,,,,,,,,,,,,,,,,,,,,,,,,,,,,,,,,,,,,,,
Point,2.9415787,6.4155193,way/783301363,school,,,,,center,,,,,,,,,,,,,,,,,,,,,,,,,,,,,,,,,,,,,,,,,,,,,,,,,,,,,,,,,,,,
Point,3.2761125,6.4631541,way/783616104,school,,,,,center,,,,,,,,,,,,,,,,,,,,,,,,,,,,,,,,,,,,,,,,,,,,,,,,,,,,,,,,,,,,
Point,3.2717288,6.4737368,way/783616108,school,,,,,center,,,,,,,,,,,,,,,,,,,,,,,,,,,,,,,,,,,,,,,,,,,,,,,,,,,,,,,,,,,,
Point,3.3264623,6.4543846,way/784063127,school,,,,,center,,,,,,,,,,,,,,,,,,,,,,,,,,,,,,,,,,,,,,,,,,,,,,,,,,,,,,,,,,,,
Point,3.3331342,6.453769,way/784063129,school,,,,,center,,,,,,,,,,,,,,,,,,,,,,,,,,,,,,,,,,,,,,,,,,,,,,,,,,,,,,,,,,,,
Point,3.3407467,6.4501614,way/784063130,school,,,,,center,,,,,,,,,,,,,,,,,,,,,,,,,,,,,,,,,,,,,,,,,,,,,,,,,,,,,,,,,,,,
Point,3.3419348,6.4504469,way/784063131,school,,,,,center,,,,,,,,,,,,,,,,,,,,,,,,,,,,,,,,,,,,,,,,,,,,,,,,,,,,,,,,,,,,
Point,3.3428669,6.4505715,way/784063132,school,,,,,center,,,,,,,,,,,,,,,,,,,,,,,,,,,,,,,,,,,,,,,,,,,,,,,,,,,,,,,,,,,,
Point,3.3384865,6.4492753,way/784063134,school,,,,,center,,,,,,,,,,,,,,,,,,,,,,,,,,,,,,,,,,,,,,,,,,,,,,,,,,,,,,,,,,,,
Point,3.284155,6.4557219,way/784077453,school,,,,,center,,,,,,,,,,,,,,,,,,,,,,,,,,,,,,,,,,,,,,,,,,,,,,,,,,,,,,,,,,,,
Point,3.284884,6.4575464,way/784077454,school,,,,,center,,,,,,,,,,,,,,,,,,,,,,,,,,,,,,,,,,,,,,,,,,,,,,,,,,,,,,,,,,,,
Point,3.283577,6.4567191,way/784077455,school,,,,,center,,,,,,,,,,,,,,,,,,,,,,,,,,,,,,,,,,,,,,,,,,,,,,,,,,,,,,,,,,,,
Point,3.2811088,6.4572833,way/784077456,school,,,,,center,,,,,,,,,,,,,,,,,,,,,,,,,,,,,,,,,,,,,,,,,,,,,,,,,,,,,,,,,,,,
Point,3.2805795,6.4564825,way/784077458,school,,,,,center,,,,,,,,,,,,,,,,,,,,,,,,,,,,,,,,,,,,,,,,,,,,,,,,,,,,,,,,,,,,
Point,3.3122304,6.4441269,way/784077462,school,,,,,center,,,,,,,,,,,,,,,,,,,,,,,,,,,,,,,,,,,,,,,,,,,,,,,,,,,,,,,,,,,,
Point,3.3919373,6.5608993,way/784246079,school,Oke-Ifako Nursery / Primary School,,,,center,Ifako,,Alhaji Adebesin Street,,,,,,,,,,,,,,,,,1,,,,,,,,,,,,,,,,,,,,,,,,,,,,,,,,,,,,,,,,
Point,3.3915252,6.5613154,way/784246080,school,,,,,center,,,,,,,,,,,,,,,,,,,,,,,,,,,,,,,,,,,,,,,,,,,,,,,,,,,,,,,,,,,,
Point,3.338526,6.46228,way/784949573,school,,,,,center,,,,,,,,,,,,,,,,,,,,,,,,,,,,,,,,,,,,,,,,,,,,,,,,,,,,,,,,,,,,
Point,3.3435743,6.4569483,way/784949582,school,,,,,center,,,,,,,,,,,,,,,,,,,,,,,,,,,,,,,,,,,,,,,,,,,,,,,,,,,,,,,,,,,,
Point,3.3409384,6.4650493,way/784953517,school,,,,,center,,,,,,,,,,,,,,,,,,,,,,,,,,,,,,,,,,,,,,,,,,,,,,,,,,,,,,,,,,,,
Point,3.6097173,6.510685,way/785246549,school,Model College Badore,,Q24887107,en:Lagos State Model College Badore,center,Lagos,,Badore Road,,,,,,,,,,,,,,,,,,,,,,,,,,,,,,,,,,,,,,,,,,,,,,,,,,,,,,,,,
Point,3.613341,6.5107841,way/785246575,school,,,,,center,,,,,,,,,,,,,,,,,,,,,,,,,,,,,,,,,,,,,,,,,,,,,,,,,,,,,,,,,,,,
Point,3.6359436,6.4729522,way/785331093,school,,,,,center,,,,,,,,,,,,,,,,,,,,,,,,,,,,,,,,,,,,,,,,,,,,,,,,,,,,,,,,,,,,
Point,3.564287,6.469395,way/785635258,school,,,,,center,,,,,,,,,,,,,,,,,,,,,,,,,,,,,,,,,,,,,,,,,,,,,,,,,,,,,,,,,,,,
Point,3.2063549,6.4585491,way/785952123,school,,,,,center,,,,,,,,,,,,,,,,,,,,,,,,,unpaved,,,,,,,,,,,,,,,,,,,,,,,,,,,,,,,,,,,
Point,3.2285401,6.4458247,way/785952134,school,,,,,center,,,,,,,,,,,,,,,,,,,,,,,,,,,,,,,,,,,,,,,,,,,,,,,,,,,,,,,,,,,,
Point,3.1722236,6.4634631,way/786056293,school,Sabo Oniba Primary School,,Q116408374,,center,,,,,,,,,,,,,,,,,,,,,,,,,,,,,,,,,,,,,,,,,,,,,,,,,,,,,,,,,,,,
Point,3.1792236,6.472947,way/786056347,school,,,,,center,,,,,,,,,,,,,,,,,,,,,,,,,,,,,,,,,,,,,,,,,,,,,,,,,,,,,,,,,,,,
Point,3.1412783,6.4666293,way/786383318,school,,,,,center,,,,,,,,,,,,,,,,,,,,,,,,,,,,,,,,,,,,,,,,,,,,,,,,,,,,,,,,,,,,
Point,3.1584992,6.4541106,way/786383329,school,,,,,center,,,,,,,,,,,,,,,,,,,,,,,,,,,,,,,,,,,,,,,,,,,,,,,,,,,,,,,,,,,,
Point,3.2599414,6.448167,way/786386204,school,,,,,center,,,,,,,,,,,,,,,,,,,,,,,,,,,,,,,,,,,,,,,,,,,,,,,,,,,,,,,,,,,,
Point,3.3014596,6.5263727,way/786391674,school,,,,,center,,,,,,,,,,,,,,,,,,,,,,,,,,,,,,,,,,,,,,,,,,,,,,,,,,,,,,,,,,,,
Point,3.3041792,6.527175,way/786391675,school,,,,,center,,,,,,,,,,,,,,,,,,,,,,,,,,,,,,,,,,,,,,,,,,,,,,,,,,,,,,,,,,,,
Point,3.4258227,6.4621593,way/786977287,school,,,,,center,,,,,,,,,,,,,,,,,,,,,,,,,,,,,,,,,,,,,,,,,,,,,,,,,,,,,,,,,,,,
Point,3.4240133,6.4627021,way/786977288,school,,,,,center,,,,,,,,,,,,,,,,,,,,,,,,,,,,,,,,,,,,,,,,,,,,,,,,,,,,,,,,,,,,
Point,3.4246579,6.462019,way/786977289,school,,,,,center,,,,,,,,,,,,,,,,,,,,,,,,,,,,,,,,,,,,,,,,,,,,,,,,,,,,,,,,,,,,
Point,3.3104838,6.4585051,way/786992232,school,,,,,center,,,,,,,,,,,,,,,,,,,,,,,,,,,,,,,,,,,,,,,,,,,,,,,,,,,,,,,,,,,,
Point,3.3111616,6.4573949,way/786992233,school,,,,,center,,,,,,,,,,,,,,,,,,,,,,,,,,,,,,,,,,,,,,,,,,,,,,,,,,,,,,,,,,,,
Point,3.3125444,6.4574375,way/786992234,school,,,,,center,,,,,,,,,,,,,,,,,,,,,,,,,,,,,,,,,,,,,,,,,,,,,,,,,,,,,,,,,,,,
Point,3.3139359,6.4575695,way/786992235,school,,,,,center,,,,,,,,,,,,,,,,,,,,,,,,,,,,,,,,,,,,,,,,,,,,,,,,,,,,,,,,,,,,
Point,3.3305982,6.4493128,way/786992283,school,,,,,center,,,,,,,,,,,,,,,,,,,,,,,,,,,,,,,,,,,,,,,,,,,,,,,,,,,,,,,,,,,,
Point,3.3295668,6.4491855,way/786992284,school,,,,,center,,,,,,,,,,,,,,,,,,,,,,,,,,,,,,,,,,,,,,,,,,,,,,,,,,,,,,,,,,,,
Point,3.2982993,6.5981102,way/787313478,school,,,,,center,,,,,,,,,,,,,,,,,,,,,,,,,,,,,,,,,,,,,,,,,,,,,,,,,,,,,,,,,,,,
Point,3.3278787,6.4841289,way/787802505,school,,,,,center,,,,,,,,,,,,,,,,,,,,,,,,,,,,,,,,,,,,,,,,,,,,,,,,,,,,,,,,,,,,
Point,3.3274165,6.4709515,way/787802532,school,,,,,center,,,,,,,,,,,,,,,,,,,,,,,,,,,,,,,,,,,,,,,,,,,,,,,,,,,,,,,,,,,,
Point,3.3230264,6.4978872,way/787802543,school,,,,,center,,,,,,,,,,,,,,,,,,,,,,,,,,,,,,,,,,,,,,,,,,,,,,,,,,,,,,,,,,,,
Point,3.3221657,6.5196055,way/787802579,school,,,,,center,,,,,,,,,,,,,,,,,,,,,,,,,,,,,,,,,,,,,,,,,,,,,,,,,,,,,,,,,,,,
Point,3.3231041,6.5194562,way/787802580,school,,,,,center,,,,,,,,,,,,,,,,,,,,,,,,,,,,,,,,,,,,,,,,,,,,,,,,,,,,,,,,,,,,
Point,3.3238323,6.518337,way/787802581,school,,,,,center,,,,,,,,,,,,,,,,,,,,,,,,,,,,,,,,,,,,,,,,,,,,,,,,,,,,,,,,,,,,
Point,3.3227071,6.5171365,way/787802592,school,,,,,center,,,,,,,,,,,,,,,,,,,,,,,,,,,,,,,,,,,,,,,,,,,,,,,,,,,,,,,,,,,,
Point,3.320957,6.5178019,way/787802593,school,,,,,center,,,,,,,,,,,,,,,,,,,,,,,,,,,,,,,,,,,,,,,,,,,,,,,,,,,,,,,,,,,,
Point,3.3216656,6.5172391,way/787802594,school,,,,,center,,,,,,,,,,,,,,,,,,,,,,,,,,,,,,,,,,,,,,,,,,,,,,,,,,,,,,,,,,,,
Point,3.3230847,6.5156601,way/787802598,school,,,,,center,,,,,,,,,,,,,,,,,,,,,,,,,,,,,,,,,,,,,,,,,,,,,,,,,,,,,,,,,,,,
Point,3.3221498,6.5138052,way/787802609,school,,,,,center,,,,,,,,,,,,,,,,,,,,,,,,,,,,,,,,,,,,,,,,,,,,,,,,,,,,,,,,,,,,
Point,3.3219287,6.5144505,way/787802610,school,,,,,center,,,,,,,,,,,,,,,,,,,,,,,,,,,,,,,,,,,,,,,,,,,,,,,,,,,,,,,,,,,,
Point,3.3217295,6.5150676,way/787802611,school,,,,,center,,,,,,,,,,,,,,,,,,,,,,,,,,,,,,,,,,,,,,,,,,,,,,,,,,,,,,,,,,,,
Point,3.3814783,6.6358605,way/787817829,school,,,,,center,,,,,,,,,,,,,,,,,,,,,,,,,,,,,,,,,,,,,,,,,,,,,,,,,,,,,,,,,,,,
Point,3.38106,6.6346157,way/787817830,school,,,,,center,,,,,,,,,,,,,,,,,,,,,,,,,,,,,,,,,,,,,,,,,,,,,,,,,,,,,,,,,,,,
Point,3.3821591,6.6353177,way/787817831,school,,,,,center,,,,,,,,,,,,,,,,,,,,,,,,,,,,,,,,,,,,,,,,,,,,,,,,,,,,,,,,,,,,
Point,3.3375028,6.5650373,way/788064780,school,Ewutuntun Grammar School,,,,center,"Ewu, Oshodi",,Bode Onifade Street,,,,,LGA,,,,,,,,,,,,1,,,,,,,,,,,,,,,,,,,,,,,,,,,,,,,,,,,,,,,,
Point,3.3408214,6.5569941,way/788064789,school,,,,,center,,,,,,,,,,,,,,,,,,,,,,,,,,,,,,,,,,,,,,,,,,,,,,,,,,,,,,,,,,,,
Point,3.334816,6.5584737,way/788064812,school,,,,,center,,,,,,,,,,,,,,,,,,,,,,,,,,,,,,,,,,,,,,,,,,,,,,,,,,,,,,,,,,,,
Point,3.3429962,6.5632442,way/788064824,school,,,,,center,,,,,,,,,,,,,,,,,,,,,,,,,,,,,,,,,,,,,,,,,,,,,,,,,,,,,,,,,,,,
Point,3.3451303,6.565052,way/788064856,school,,,,,center,,,,,,,,,,,,,,,,,,,,,,,,,,,,,,,,,,,,,,,,,,,,,,,,,,,,,,,,,,,,
Point,3.3452684,6.5635462,way/788064857,school,,,,,center,,,,,,,,,,,,,,,,,,,,,,,,,,,,,,,,,,,,,,,,,,,,,,,,,,,,,,,,,,,,
Point,3.3429805,6.5647026,way/788064858,school,,,,,center,,,,,,,,,,,,,,,,,,,,,,,,,,,,,,,,,,,,,,,,,,,,,,,,,,,,,,,,,,,,
Point,3.3429705,6.5619262,way/788064859,school,,,,,center,,,,,,,,,,,,,,,,,,,,,,,,,,,,,,,,,,,,,,,,,,,,,,,,,,,,,,,,,,,,
Point,3.3440772,6.5649153,way/788064861,school,,,,,center,,,,,,,,,,,,,,,,,,,,,,,,,,,,,,,,,,,,,,,,,,,,,,,,,,,,,,,,,,,,
Point,3.342023,6.5734116,way/788064873,school,,,,,center,,,,,,,,,,,,,,,,,,,,,,,,,,,,,,,,,,,,,,,,,,,,,,,,,,,,,,,,,,,,
Point,3.3409254,6.5782657,way/788064878,school,,,,,center,,,,,,,,,,,,,,,,,,,,,,,,,,,,,,,,,,,,,,,,,,,,,,,,,,,,,,,,,,,,
Point,3.3363663,6.5695039,way/788064886,school,,,,,center,,,,,,,,,,,,,,,,,,,,,,,,,,,,,,,,,,,,,,,,,,,,,,,,,,,,,,,,,,,,
Point,3.3268,6.5327652,way/788305519,school,,,,,center,,,,,,,,,,,,,,,,,,,,,,,,,,,,,,,,,,,,,,,,,,,,,,,,,,,,,,,,,,,,
Point,3.3752434,6.5910846,way/788309890,school,Olosun Primary School,,,,center,,,,,,,,,,,,,,,,,,,,,,,,,,,,,,,,,,,,,,,,,,,,,,,,,,,,,,,,,,,,
Point,3.377044,6.5836603,way/788311255,school,,,,,center,,,,,,,,,,,,,,,,,,,,,,,,,,,,,,,,,,,,,,,,,,,,,,,,,,,,,,,,,,,,
Point,3.3781508,6.5829129,way/788311256,school,,,,,center,,,,,,,,,,,,,,,,,,,,,,,,,,,,,,,,,,,,,,,,,,,,,,,,,,,,,,,,,,,,
Point,3.3841585,6.5542615,way/788314330,school,,,,,center,,,,,,,,,,,,,,,,,,,,,,,,,,,,,,,,,,,,,,,,,,,,,,,,,,,,,,,,,,,,
Point,3.370383,6.5690383,way/788314359,school,,,,,center,,,,,,,,,,,,,,,,,,,,,,,,,,,,,,,,,,,,,,,,,,,,,,,,,,,,,,,,,,,,
Point,3.3694494,6.5689722,way/788314360,school,,,,,center,,,,,,,,,,,,,,,,,,,,,,,,,,,,,,,,,,,,,,,,,,,,,,,,,,,,,,,,,,,,
Point,3.3687251,6.5689009,way/788314361,school,,,,,center,,,,,,,,,,,,,,,,,,,,,,,,,,,,,,,,,,,,,,,,,,,,,,,,,,,,,,,,,,,,
Point,3.3708843,6.5698923,way/788314362,school,,,,,center,,,,,,,,,,,,,,,,,,,,,,,,,,,,,,,,,,,,,,,,,,,,,,,,,,,,,,,,,,,,
Point,3.3771774,6.5644318,way/788314370,school,,,,,center,,,,,,,,,,,,,,,,,,,,,,,,,,,,,,,,,,,,,,,,,,,,,,,,,,,,,,,,,,,,
Point,3.3778634,6.5644361,way/788314380,school,,,,,center,,,,,,,,,,,,,,,,,,,,,,,,,,,,,,,,,,,,,,,,,,,,,,,,,,,,,,,,,,,,
Point,3.4044407,6.54735,way/788672506,school,,,,,center,,,,,,,,,,,,,,,,,,,,,,,,,,,,,,,,,,,,,,,,,,,,,,,,,,,,,,,,,,,,
Point,3.4052179,6.5468763,way/788672507,school,,,,,center,,,,,,,,,,,,,,,,,,,,,,,,,,,,,,,,,,,,,,,,,,,,,,,,,,,,,,,,,,,,
Point,3.3997287,6.5974834,way/788692879,school,,,,,center,,,,,,,,,,,,,,,,,,,,,,,,,,,,,,,,,,,,,,,,,,,,,,,,,,,,,,,,,,,,
Point,3.4004476,6.5862773,way/788692886,school,,,,,center,,,,,,,,,,,,,,,,,,,,,,,,,,,,,,,,,,,,,,,,,,,,,,,,,,,,,,,,,,,,
Point,3.3545081,6.5997408,way/788708233,school,,,,,center,,,,,,,,,,,,,,,,,,,,,,,,,,,,,,,,,,,,,,,,,,,,,,,,,,,,,,,,,,,,
Point,3.3633165,6.5895446,way/788708242,school,,,,,center,,,,,,,,,,,,,,,,,,,,,,,,,,,,,,,,,,,,,,,,,,,,,,,,,,,,,,,,,,,,
Point,3.3676241,6.5991373,way/788708270,school,,,,,center,,,,,,,,,,,,,,,,,,,,,,,,,,,,,,,,,,,,,,,,,,,,,,,,,,,,,,,,,,,,
Point,3.3984245,6.6097204,way/789336919,school,,,,,center,,,,,,,,,,,,,,,,,,,,,,,,,,,,,,,,,,,,,,,,,,,,,,,,,,,,,,,,,,,,
Point,3.3876903,6.6083282,way/789336934,school,,,,,center,,,,,,,,,,,,,,,,,,,,,,,,,,,,,,,,,,,,,,,,,,,,,,,,,,,,,,,,,,,,
Point,3.3883395,6.6064938,way/789336935,school,,,,,center,,,,,,,,,,,,,,,,,,,,,,,,,,,,,,,,,,,,,,,,,,,,,,,,,,,,,,,,,,,,
Point,3.3491526,6.4939617,way/790593196,school,Fountain Heights Secondary School,,,,center,Lagos,,Adelabu Street,,,,,,,,,,,,,,,,https://www.fountainschools-ng.com/,60,,,,,,,,,,,,,,,,,,,,,,,,,,,,,,,,,,,,,,,,
Point,3.3538369,6.6226609,way/790600602,school,Government Technical College Agidingbi,,,,center,,,,,,,,,,,,,,,,,,,,,,,,,,,,,,,,,,,,,,,,,,,,,,,,,,,,,,,,,,,,
Point,3.3576279,6.5776148,way/790723921,school,Oxbridge Tutorial College,,,,center,Lagos,,Sobo Arobiodu Street,,,,,,,,,,,,,,,,http://www.oxbridgecoll.com,49,,,,,,,,,,,,,,,,,,,,,,,,,,,,,,,,,,,,,,,,
Point,3.2663834,6.6873536,way/790899501,school,,,,,center,,,,,,,,,,,,,,,,,,,,,,,,,,,,,,,,,,,,,,,,,,,,,,,,,,,,,,,,,,,,
Point,3.331036,6.6598569,way/791164383,school,,,,,center,,,,,,,,,,,,,,,,,,,,,,,,,,,,,,,,,,,,,,,,,,,,,,,,,,,,,,,,,,,,
Point,3.3297895,6.6602398,way/791164384,school,,,,,center,,,,,,,,,,,,,,,,,,,,,,,,,,,,,,,,,,,,,,,,,,,,,,,,,,,,,,,,,,,,
Point,3.2856383,6.6708688,way/791164451,school,,,,,center,,,,,,,,,,,,,,,,,,,,,,,,,,,,,,,,,,,,,,,,,,,,,,,,,,,,,,,,,,,,
Point,3.2932813,6.6605049,way/791164473,school,Anwar ul-Islam Girls High School,,Q26258569,en:Anwar ul-Islam Girls High School,center,,,,,,,,,,,,,,,,,,,,,,,,,,,,,,,,,,,,,,,,,,,,,,,,,,,,,,,,,,,,
Point,3.1934787,6.4918718,way/791169181,school,,,,,center,,,,,,,,,,,,,,,,,,,,,,,,,,,,,,,,,,,,,,,,,,,,,,,,,,,,,,,,,,,,
Point,3.1943368,6.4921973,way/791169182,school,,,,,center,,,,,,,,,,,,,,,,,,,,,,,,,,,,,,,,,,,,,,,,,,,,,,,,,,,,,,,,,,,,
Point,3.3836835,6.5612685,way/791932032,school,Estaport Schools,,,,center,,,Adekunle Osomo Street,,,,,,,,,,,,,,,,https://estaportprimary.com/,11;21,,,,,,,,,,,,,,,,,,,,,,,,,,,,,,,,,,,,,,,,
Point,3.3761445,6.5458418,way/791934386,school,,,,,center,,,,,,,,,,,,,,,,,,,,,,,,,,,,,,,,,,,,,,,,,,,,,,,,,,,,,,,,,,,,
Point,3.3809191,6.5197853,way/791944545,school,,,,,center,,,,,,,,,,,,,,,,,,,,,,,,,,,,,,,,,,,,,,,,,,,,,,,,,,,,,,,,,,,,
Point,3.3691462,6.5221864,way/791944552,school,,,,,center,,,,,,,,,,,,,,,,,,,,,,,,,,,,,,,,,,,,,,,,,,,,,,,,,,,,,,,,,,,,
Point,3.3691093,6.5230892,way/791944557,school,,,,,center,,,,,,,,,,,,,,,,,,,,,,,,,,,,,,,,,,,,,,,,,,,,,,,,,,,,,,,,,,,,
Point,3.3699392,6.5354913,way/791944566,school,,,,,center,,,,,,,,,,,,,,,,,,,,,,,,,,,,,,,,,,,,,,,,,,,,,,,,,,,,,,,,,,,,
Point,3.3214631,6.5204617,way/792345813,school,Apata Memorial Schools,,Q4779210,en:Apata Memorial High School,center,,,,,,,,,,,,,,,,,,,http://www.apatamemorialschool.com,,,,,,,,,,,,,,,,,,,,,,,,,,,,,,,,,,,,,,,,,
Point,3.3256454,6.5195585,way/792345814,school,,,,,center,,,,,,,,,,,,,,,,,,,,,,,,,,,,,,,,,,,,,,,,,,,,,,,,,,,,,,,,,,,,
Point,3.370912,6.5463251,way/792352397,school,Lagos Baptist Academy,,Q23073795,en:Baptist Academy,center,,,,,,,,,,,,,,,,,,,http://www.lagosbaptistacademy.com.ng,,,,christian,,,,,baptist,,,,,,,,,,,,,,,,,,,,,,,,,,,,,,,,
Point,3.6993094,6.4739329,way/792676289,school,,,,,center,,,,,,,,,,,,,,,,,,,,,,,,,,,,,,,,,,,,,,,,,,,,,,,,,,,,,,,,,,,,
Point,3.4112735,6.4214,way/792725259,school,Federal College of Fisheries and Marine Technology,,Q5440063,en:Federal College of Fisheries and Marine Technology,center,,,,,,,,,,,,,,,,,,,,,,,,,,,,,,,,,,,,,,,,,,,,,,,,,,,,,,,,,,,,
Point,3.1441443,6.4618756,way/792728846,school,,,,,center,,,,,,,,,,,,,,,,,,,,,,,,,,,,,,,,,,,,,,,,,,,,,,,,,,,,,,,,,,,,
Point,3.3487308,6.5262683,way/792734944,school,,,,,center,,,,,,,,,,,,,,,,,,,,,,,,,,,,,,,,,,,,,,,,,,,,,,,,,,,,,,,,,,,,
Point,3.3610641,6.5564614,way/792734977,school,,,,,center,,,,,,,,,,,,,,,,,,,,,,,,,,,,,,,,,,,,,,,,,,,,,,,,,,,,,,,,,,,,
Point,3.3850159,6.4765799,way/792738599,school,,,,,center,,,,,,,,,,,,,,,,,,,,,,,,,,,,,,,,,,,,,,,,,,,,,,,,,,,,,,,,,,,,
Point,3.3883499,6.490869,way/792738605,school,,,,,center,,,,,,,,,,,,,,,,,,,,,,,,,unpaved,,,,,,,,,,,,,,,,,,,,,,,,,,,,,,,,,,,
Point,3.8891965,6.4858056,way/793075220,school,,,,,center,,,,,,,,,,,,,,,,,,,,,,,,,,,,,,,,,,,,,,,,,,,,,,,,,,,,,,,,,,,,
Point,3.890249,6.4849697,way/793075221,school,,,,,center,,,,,,,,,,,,,,,,,,,,,,,,,,,,,,,,,,,,,,,,,,,,,,,,,,,,,,,,,,,,
Point,3.3538972,6.6253267,way/793085000,school,,,,,center,,,,,,,,,,,,,,,,,,,,,,,,,,,,,,,,,,,,,,,,,,,,,,,,,,,,,,,,,,,,
Point,3.3536055,6.6194819,way/793085041,school,,,,,center,,,,,,,,,,,,,,,,,,,,,,,,,,,,,,,,,,,,,,,,,,,,,,,,,,,,,,,,,,,,
Point,3.6339793,6.4265371,way/793086938,school,,,,,center,,,,,,,,,,,,,,,,,,,,,,,,,,,,,,,,,,,,,,,,,,,,,,,,,,,,,,,,,,,,
Point,3.6189021,6.4277046,way/793086942,school,,,,,center,,,,,,,,,,,,,,,,,,,,,,,,,,,,,,,,,,,,,,,,,,,,,,,,,,,,,,,,,,,,
Point,3.4919652,6.6049364,way/793092739,school,,,,,center,,,,,,,,,,,,,,,,,,,,,,,,,,,,,,,,,,,,,,,,,,,,,,,,,,,,,,,,,,,,
Point,3.4585101,6.6577422,way/793649740,school,,,,,center,,,,,,,,,,,,,,,,,,,,,,,,,,,,,,,,,,,,,,,,,,,,,,,,,,,,,,,,,,,,
Point,3.4625796,6.6678944,way/793649747,school,,,,,center,,,,,,,,,,,,,,,,,,,,,,,,,,,,,,,,,,,,,,,,,,,,,,,,,,,,,,,,,,,,
Point,3.5155237,6.6315665,way/793649762,school,,,,,center,,,,,,,,,,,,,,,,,,,,,,,,,,,,,,,,,,,,,,,,,,,,,,,,,,,,,,,,,,,,
Point,3.6130015,6.4509343,way/793851327,school,,,,,center,,,,,,,,,,,,,,,,,,,,,,,,,,,,,,,,,,,,,,,,,,,,,,,,,,,,,,,,,,,,
Point,3.5222999,6.4335733,way/794777949,school,,,,,center,,,,,,,,,,,,,,,,,,,,,,,,,,,,,,,,,,,,,,,,,,,,,,,,,,,,,,,,,,,,
Point,3.5100958,6.4331468,way/794777958,school,,,,,center,,,,,,,,,,,,,,,,,,,,,,,,,,,,,,,,,,,,,,,,,,,,,,,,,,,,,,,,,,,,
Point,3.520748,6.5932036,way/795018743,school,,,,,center,,,,,,,,,,,,,,,,,,,,,,,,,,,,,,,,,,,,,,,,,,,,,,,,,,,,,,,,,,,,
Point,3.5334483,6.5936939,way/795018753,school,,,,,center,,,,,,,,,,,,,,,,,,,,,,,,,,,,,,,,,,,,,,,,,,,,,,,,,,,,,,,,,,,,
Point,3.5067791,6.6202592,way/795027153,school,Salvation Army Primary School,,,,center,Ikorodu,,,,,,,,,,,,,,,,,,,,,,,,,,,,,,,,,,,,,,,,,,,,,,,,,,,,,,,,,,,
Point,3.5110639,6.622809,way/795027165,school,,,,,center,,,,,,,,,,,,,,,,,,,,,,,,,,,,,,,,,,,,,,,,,,,,,,,,,,,,,,,,,,,,
Point,3.5096491,6.6218865,way/795027166,school,,,,,center,,,,,,,,,,,,,,,,,,,,,,,,,,,,,,,,,,,,,,,,,,,,,,,,,,,,,,,,,,,,
Point,3.5043959,6.6024161,way/795027175,school,,,,,center,,,,,,,,,,,,,,,,,,,,,,,,,,,,,,,,,,,,,,,,,,,,,,,,,,,,,,,,,,,,
Point,3.3567846,6.5010103,way/795793636,school,,,,,center,,,,,,,,,,,,,,,,,,,,,,,,,,,,,,,,,,,,,,,,,,,,,,,,,,,,,,,,,,,,
Point,3.3656781,6.501632,way/795831083,school,,,,,center,,,,,,,,,,,,,,,,,,,,,,,,,,,,,,,,,,,,,,,,,,,,,,,,,,,,,,,,,,,,
Point,3.3649026,6.5021218,way/795831084,school,,,,,center,,,,,,,,,,,,,,,,,,,,,,,,,,,,,,,,,,,,,,,,,,,,,,,,,,,,,,,,,,,,
Point,3.3491799,6.5166089,way/795831116,school,,,,,center,,,,,,,,,,,,,,,,,,,,,,,,,,,,,,,,,,,,,,,,,,,,,,,,,,,,,,,,,,,,
Point,3.3595808,6.4923632,way/795831138,school,,,,,center,,,,,,,,,,,,,,,,,,,,,,,,,,,,,,,,,,,,,,,,,,,,,,,,,,,,,,,,,,,,
Point,3.3618526,6.4876228,way/795831162,school,,,,,center,,,,,,,,,,,,,,,,,,,,,,,,,,,,,,,,,,,,,,,,,,,,,,,,,,,,,,,,,,,,
Point,3.360431,6.5052716,way/795831201,school,,,,,center,,,,,,,,,,,,,,,,,,,,,,,,,,,,,,,,,,,,,,,,,,,,,,,,,,,,,,,,,,,,
Point,3.3601957,6.5042343,way/795831202,school,,,,,center,,,,,,,,,,,,,,,,,,,,,,,,,,,,,,,,,,,,,,,,,,,,,,,,,,,,,,,,,,,,
Point,3.3616233,6.5065928,way/795831208,school,,,,,center,,,,,,,,,,,,,,,,,,,,,,,,,,,,,,,,,,,,,,,,,,,,,,,,,,,,,,,,,,,,
Point,3.3598316,6.506322,way/795831213,school,,,,,center,,,,,,,,,,,,,,,,,,,,,,,,,,,,,,,,,,,,,,,,,,,,,,,,,,,,,,,,,,,,
Point,3.3578829,6.5106938,way/795831215,school,,,,,center,,,,,,,,,,,,,,,,,,,,,,,,,,,,,,,,,,,,,,,,,,,,,,,,,,,,,,,,,,,,
Point,3.3579202,6.5146904,way/795831221,school,,,,,center,,,,,,,,,,,,,,,,,,,,,,,,,,,,,,,,,,,,,,,,,,,,,,,,,,,,,,,,,,,,
Point,3.3382344,6.5269871,way/795831297,school,,,,,center,,,,,,,,,,,,,,,,,,,,,,,,,,,,,,,,,,,,,,,,,,,,,,,,,,,,,,,,,,,,
Point,3.3378317,6.5283853,way/795831300,school,,,,,center,,,,,,,,,,,,,,,,,,,,,,,,,,,,,,,,,,,,,,,,,,,,,,,,,,,,,,,,,,,,
Point,3.2446741,6.4985373,way/795977399,school,Hopeful Kids,,,,center,,,,,,,,,,,,,,,,,,,,,,,,,,,,,,,,,,,,,,,,,,,,,,,,,,,,,,,,,,,,
Point,3.4850378,6.6799684,way/797135928,school,,,,,center,,,,,,,,,,,,,,,,,,,,,,,,,,,,,,,,,,,,,,,,,,,,,,,,,,,,,,,,,,,,
Point,3.5180916,6.6173828,way/797274995,school,Government Technical College Ikorodu,,,,center,,,,,,,,,,,,,,,,,,,,,,,,,,,,,,,,,,,,,,,,,,,,,,,,,,,,,,,,,,,,
Point,3.518464,6.6193343,way/797274996,school,Ikorodu Senior Grammar School,,,,center,Lagos,,Awolowo Road,,,,,,,,,,,,,,,,,,,,,,,,,,,,,,,,,,,,,,,,,,,,,,,,,,,,,,,,,
Point,3.5189065,6.6188892,way/797275022,school,Temidire Primary School,,,,center,Oke-Ota,,,,,,,,,,,,,,,,,,,,,,,,,,,,,,,,,,,,,,,,,,,,,,,,,,,,,,,,,,,
Point,3.6240219,6.6009036,way/797679281,school,Tosfeb Presidency schools,,,,center,,,,,,,,,,,,,,,,,,,,,,,,,,,,,,,,,,,,,,,,,,,,,,,,,,,,,,,,,,,,
Point,3.5223985,6.6216956,way/797699638,school,Strong Tower Academy,,,,center,,,,,,,,,,,,,,,,,,,https://www.strongtoweracademy.org/,,,,,,,,,,,,,,,,,,,,,,,,,,,,,,,,,,,,,,,,,
Point,3.5091836,6.6387778,way/797705030,school,Ikorodu High School,,,,center,,,,,,,,,,,,,,,,,,,,,,,,,,,,,,,,,,,,,,,,,,,,,,,,,,,,,,,,,,,,
Point,3.6733765,6.6708907,way/798167688,school,,,,,center,,,,,,,,,,,,,,,,,,,,,,,,,,,,,,,,,,,,,,,,,,,,,,,,,,,,,,,,,,,,
Point,3.6240292,6.6595831,way/798167697,school,,,,,center,,,,,,,,,,,,,,,,,,,,,,,,,,,,,,,,,,,,,,,,,,,,,,,,,,,,,,,,,,,,
Point,3.3746199,6.4838605,way/798169491,school,,,,,center,,,,,,,,,,,,,,,,,,,,,,,,,,,,,,,,,,,,,,,,,,,,,,,,,,,,,,,,,,,,
Point,3.3286707,6.6410587,way/799500876,school,,,,,center,,,,,,,,,,,,,,,,,,,,,,,,,,,,,,,,,,,,,,,,,,,,,,,,,,,,,,,,,,,,
Point,3.3268633,6.5072132,way/800345363,school,,,,,center,,,,,,,,,,,,,,,,,,,,,,,,,,,,,,,,,,,,,,,,,,,,,,,,,,,,,,,,,,,,
Point,3.5798214,6.4877509,way/802787476,school,Genesis School,,,,center,,,,,,,,,,,,,,,yes,,,,,,,,,,,,,,,,,,,,,,,,,,,,,,,,,,,,,,,,,,,,,
Point,3.5204891,6.6640755,way/855991598,school,Odongunyan Secondary School,,,,center,,,,,,,0-12,Government,,public,,,,,,,,,,,,,,,,,,,,,,,,,,,,,,,,,,,,,,,,,,,,,,,,,,
Point,3.4411996,6.6126206,way/945129464,school,Towolo Community Primary School,,,,center,,,,,,,,,,government,,,,,,,,,,,,,,,,,Nigerian Red Cross Society,,,,,,,,,,,,,,,,,,,,,,,,,,,,,,,,,
Point,3.4331894,6.6089171,way/946622970,school,Salvation college,,,,center,,,,,,,,,,private,,,,,school,,,,,,,,,,,,,,2,education,,,,,,,,,,,,,,,,,,,,,,,,,,,,,,
Point,3.6518071,6.4565573,way/974075747,school,Accolade House Montessori School,,,,center,,,,,,,1-7,,,,,,,,,,,,,,,,,,,,,,,,,,,,,,,,,,,,,,,,,,,,,,,,,,,,,
Point,3.4130309,6.5803806,way/996245386,school,Assemblies of God School,,,,center,,,,,,,,,,,,,,,,,,,,,,,,,,,Nigerian Red Cross Society,,,,,,,,,,,,,,,,,,,,,,,,,,,,,,,,,
Point,3.4094007,6.5803476,way/996284552,school,Agboyi 2 Primary School,,,,center,,,Agboyi 2,,,,,,,government,,,,,,,,,,,,,,,,,Nigerian Red Cross Society,,1,,,,,,,,,,,,,,,,,,,,,,,,,,,,,,,
Point,3.4131369,6.5801498,way/996284554,school,Treasure Goal schools,,,,center,,,Agboyi 1 extension,,,,,,,private,,,,,,,,,,,,,,,,,Nigerian Red Cross Society,,,,,,,,,,,,,,,,,,,,,,,,,,,,,,,,,
Point,3.4132766,6.5815046,way/996284556,school,Gafariya Muslim School,,,,center,,,,,,,,,,private,,,,,,,,,,,,,muslim,,,,Nigerian Red Cross Society,,0-1,,,,,,,,,,,,,,,,,,,,,,,,,,,,,,,
Point,3.4099151,6.5780962,way/996284557,school,"Agboyi Nursery/ Primary School, Alakpere Ketu",,,,center,,,,,,,,,,government,,,,,,,,,,,,,,,,,Nigerian Red Cross Society,,0-1,,,,,,,,,,,,,,,,,,,,,,,,,,,,,,,
Point,3.41526,6.5801527,way/996284558,school,Graccy High School,,,,center,,,,,,,,,,private,,,,,,,,,,,,,,,,,Nigerian Red Cross Society,,2,,,,,,,,,,,,,,,,,,,,,,,,,,,,,,,
Point,3.4143636,6.5808792,way/996284559,school,Charity Foundation School,,,,center,,,Oko Agbon,,,,,,,private,,,,,,,,,,,,,,,,,Nigerian Red Cross Society,,1,,,,,,,,,,,,,,,,,,,,,,,,,,,,,,,
Point,3.4142419,6.5804032,way/996284560,school,Graccy Royalfield Schools,,,,center,,,Oko Agbon,,,,,,,,,,,,,,,,,,,,,,,,Nigerian Red Cross Society,,0-1,,,,,,,,,,,,,,,,,,,,,,,,,,,,,,,
Point,3.5626809,6.6345687,way/1130632445,school,Corban Nursery & Primary School,,,,center,,,Corban Street,,,,0-6,,,,,,,,school,,,,,,,,no,,,,,,,,"swing, slide, rollercoaster, seesaw, trampoline,",,,,,,,,,,,,,,,,,,,,,,,,,,,,,
Point,3.4841412,6.4495095,way/1217299737,school,Children's International School,,,,center,,,,,,,,,,,,,,,,,,,,,,,,,,,,,,,,,,,,,,,,,,,,,,,,,,,,,,,,,,,,
Point,-8.6820968,37.1014118,way/1233994749,school,Escola Secundária Júlio Dantas,ES Júlio Dantas,,,center,Lagos,8600-342,,fence,direcao@aejd.edu.gov.pt;servicos@aejd.edu.gov.pt,+351 282770990,12-17,Agrupamento de Escolas Júlio Dantas,145415,public,400312,QZP.59,,+351 282770999,,,http://www.aejd.pt,,,,,,,,,,,,,,,,,,,,,,,,,,,,,,,,,,,,,,,,,,,
Point,-8.6797685,37.1079,way/1234008694,school,Escola Básica Sophia de Mello Breyner Andresen,EB1 Sophia de Mello Breyner Andresen;EB1/JI Sophia de Mello Breyner Andresen,,,center,Lagos,8600-324,,fence,eb1.n3.lagos@escolas.min-edu.pt,+351 282760773,3-9,Agrupamento de Escolas Gil Eanes,145427,public,228953,QZP.59,,+351 282760773,,,,,,,,,,,,,,,,,,,,,,,,,,,,,,,,,,,,,,,,,,,,,,
Point,-8.6694705,37.1310849,way/1265782413,school,Escola Básica de Chinicato,EB1 de Chinicato,,,center,,8600-306,,fence,eb1.chinicato@escolas.min-edu.pt,+351 282798972,6-9,Agrupamento de Escolas Gil Eanes,145427,public,215831,QZP.59,,+351 282798972,,,,,,,,,,,,,,,,,,,,,,,,,,,,,,,,,,,,,,,,,,,,,,
Point,-8.6803498,37.0948327,way/1265782445,school,Escola Básica da Ameijeira,EB1 da Ameijeira;EB1/JI da Ameijeira,,,center,Lagos,8600-609,Rua Leonel Duarte Neves,fence,eb1ji.ameijeira@escolas.min-edu.pt,+351 282767375,3-9,Agrupamento de Escolas Gil Eanes,145427,public,288056,QZP.59,,+351 282767377,,,,,,,,,,,,,,,,,,,,,,,,,,,,,,,,,,,,,,,,,,,,,,
Point,-8.7341583,37.0949111,way/1265782462,school,Centro Escolar da Luz,EB1 da Luz;EB1/JI da Luz,,,center,Luz,8600-184,,fence,info@aejd.pt,+351 282767375,3-9,Agrupamento de Escolas Júlio Dantas,145415,public,806769,QZP.59,,,,,,Escola Básica da Luz,,,,,,,,,,,,,,,,,,,,,,,,,,,,,,,,,,,,,,,,,,
Point,3.1450202,6.4773674,way/1273631322,school,Evonae School,,Q116408471,,center,,,,,,,,,,,,,,,,,,,https://evonaeschools.com.ng/,,,,,,,,,,,,,,,,,,,,,,,,,,,,,,,,,,,,,,,,,
Point,-8.7662867,37.077389,way/1279140268,school,Escola Internacional Vale Verde,,,,center,Luz,8600-120,Estrada do Burgau,,accounts@vvis.org;director@vvis.org,,6-17,Colégio Vale Verde Lda.,,private,802473,QZP.59,,,,,,,https://www.vvis.org/,,Admissions@vvis.org,+351 282 697 205;+351 934 052 929,,,,,,,,,,+351 282 697 260,1410,,,,,,,,,,,,,,,,,,,,,,,,,,,
Point,-8.6765405,37.0925144,way/1279173094,school,Externato Jardim Infantil da Torraltinha,,,,center,Lagos,8600-611,Urbanização da Torraltinha,,externato-torraltinha@hotmail.com,+351 282769389,3-9,Olinda da Conceição Benardino Vasques; Maria da Conceição Bernardino Vasques; Luisa Paula da Conceição da Conceição Vasques,,private,501360,QZP.59,,+351 282769389,,,,,,LT 24-27,,,,,,,,,,,,,1212,,,,,,,,,,,,,,,,,,,,,,,,,,,
Point,-8.7308116,37.1046837,way/1279173095,school,Escola Internacional Primária do Barlavento,,,,center,Luz,8600-110,,,admin@barlavento-international.org;ana.catarino@barlavento-international.net,+351 282094542;+351 913076680,3-9,"Silva Sadler e Vickers, Lda",,private,501130,QZP.59,,+351 282788308,,,https://barlavento-international.org,,,,,,,,,,,,,,,,1431,Ferral,Barlavento International Primary School,,,,,,,,,,,,,,,,,,,,,,,,,
Point,-8.7500733,37.0885568,way/1279173096,school,Colégio São Gonçalo,,,,center,Luz,8600-212,Rua dos Melros,,,+351 282767867;+351 917239601,3-9,Colégio Luz S. Gonçalo Ldª,,private,800386,QZP.59,,+351 282767829,,,https://www.csgoncalo.pt/,,,,,,,,,,,,,,,,1347,,,,,,,,,,,,,,,,,,,,,,,,,,,
Point,-8.6964825,37.0970897,way/1292739922,school,Colégio Bambino,,,,center,Lagos,8600-281,Estrada da Atalaia,,ji.obambino@escolas.min-edu.pt,+351 282767854,3-11,,,private,501128,QZP.59,,+351 282782146,,,http://www.infantario-obambino.com,,,,,,,,,,,,,,,,,,,,,,,,,,,,,,,,,,,,,,,,,,,
Point,3.5172056,6.5373601,way/1310650848,school,Agog Private Schools,,,,center,Ikorodu,104102,Offin Oreta Road,,,,,,,,,,,,,,,,,Opposite Water Corporation,,,,,,,,,,,,,,,,,,,,,,,,,,,,,,,,,,,,,,,,
Point,3.5158093,6.5374465,way/1310650849,school,St. John School,,,,center,Ikorodu,104102,Offin Oreta Road,,,,,,,,,,,,,,,,,,,,,,,,,,,,,,,,,,,,,,,,,,,,,,,,,,,,,,,,,
Point,3.4381952,6.4441793,way/1359909328,school,Meadow Hall School,,,,center,,,,,,,,,,,,,,,,,,,,,,,,,,,,,,,,,,,,,,,,,,,,,,,,,,,,,,,,,,,,
Point,3.3874419,6.4639987,node/1366137185,school,Holy Trinity School,,,,,,,,,,,,,,,,,,,,,,,,,,,,,,,,,,,,,,,,,,,,,,,,,,,,,,,,,,,,,,,,
Point,3.4322308,6.4601891,way/1373912684,school,Alliance Francaise - Mike Adenuga Center,,,,center,,,Osborne,,,,,,,,,,,,,,,,,9,,,,,,,,,,,,,,,,Alliance Française,,,,,,,,,,,,,,,,,,,,,,,,
Point,3.4205062,6.4169275,way/1468952721,school,,,,,center,,,,,,,,,,,,,,,,,,,,,,,,,,,,,,,,,,,,,school,,,,,,,,,,,,,,,,,,,,,,,
Point,3.5948229,6.4414614,way/1479654399,school,Charterhouse Lagos,,,,center,,,,,,,,,,,,,,,,,,,,,,,,,,,,,,,,,,,,,school,,,,,,,,,,,,,,,,,,,,,,,
Point,3.3732238,6.4968417,node/1513671685,school,Fourier International Montessori School,,,,,,,,,,,,,,,,,,,,,,,,,,,,,,,,,,,,,,,,,,,,,,,,,,,,,,,,,,,,,,,,
Point,3.3754294,6.4873282,node/1513671687,school,Sheraton School,,,,,,,,,,,,,,,,,,,,,,,,,,,,,,,,,,,,,,,,,,,,,,,,,,,,,,,,,,,,,,,,
Point,3.3772247,6.4896556,node/1513671688,school,Soro Montessori Nusery School,,,,,,,,,,,,,,,,,,,,,,,,,,,,,,,,,,,,,,,,,,,,,,,,,,,,,,,,,,,,,,,,
Point,3.3763014,6.4892649,node/1513671691,school,St. Saviours Nusery School Complex,,,,,,,,,,,,,,,,,,,,,,,,,,,,,,,,,,,,,,,,,,,,,,,,,,,,,,,,,,,,,,,,
Point,3.3736683,6.4947351,node/1513671693,school,Trust Nusery and Primary School,,,,,,,,,,,,,,,,,,,,,,,,,,,,,,,,,,,,,,,,,,,,,,,,,,,,,,,,,,,,,,,,
Point,3.1662497,6.4533639,way/1529868982,school,,,,,center,,,,,,,,,,,,,,,,,,,,,,,,,,,,,,,,,,,,,school,,,,,,,,,,,,,,,,,,,,,,,
Point,2.9573544,6.4121752,way/1530678910,school,,,,,center,,,,,,,,,,,,,,,,,,,,,,,,,,,,,,,,,,,,,school,,,,,,,,,,,,,,,,,,,,,,,
Point,-8.6291667,37.1282857,node/1574661710,school,Kitesurf Algarve. School & rental,,,,,,,,,,,,,,,,,,,,,,,https://kitesurf-algarve.com/,,,,,,,,,,,,,,,,,,school,"Kitesurf Algarve. School, rental, rental & rescue, kiteshop, kiterepairs. Kitesurf school with qualified instructors.",https://kitesurf-algarve.com/,,,,,,,,,,,,,,,,,,,,,
Point,3.3944101,6.534435,node/1930603959,school,,,,,,,,,,,,,,,,,,,,,,,,,,,,,,,,,,,,,,,,,,,,,,,,,,,,,,,,,,,,,,,,,
Point,3.3401408,6.5967299,node/2178399994,school,,,,,,,,,,,,,,,,,,,,,,,,,,,,,,,,,,,,,,,,,,,,,,,,,,,,,,,,,,,,,,,,,
Point,3.2330552,6.5999355,node/2479302922,school,Abbot Dayspring School,,,,,,,,,,,,,,,,,,,,,,,,,,,,,,,,,,,,,,,,,,,,,,,,,,,,,,,,,,,,,,,,
Point,3.3241234,6.5530941,node/5212259829,school,RAE Creche,,,,,,100263,Stella Osholanke street,,,,,,,,,,,,,,,,,,,,,,,,,,,,,,,,,,,,,,,,,,,,,,,,,,,,,,,,,
Point,3.2598579,6.5383567,node/6120355030,school,Saint Saviours High School,,,,,,,,,,,,,,,,,,,,,,,,,,,,,,,,,,,,,,,,,,,,,,,,,,,,,,,,,,,,,,,,
Point,3.3972197,6.5194205,node/6122513909,school,Civil Engineering Hydraulic Basin,,,,,,,,,,,,,,,,,,,,,,,,,,,,,,,,,,,,,,,,,,,,,,,,,,,,,,,,,,,,,,,,
Point,3.3926585,6.5119116,node/6122566932,school,Distance Learning Institute,,,,,,,,,,,,,,,,,,,,,,,,,,,,,,,,,,,,,,,,,,,,,,,,,,,,,,,,,,,,,,,,
Point,3.2623407,6.532362,node/6129518756,school,Queen Maris Group of Schools,,,,,,,,,,,,,,,,,,,,,,,,,,,,,,,,,,,,,,,,,,,,,,,,,,,,,,,,,,,,,,,,
Point,3.3883093,6.4956426,node/6988054370,school,Whayinna Primary School,,,,,,,Apolo Makoko,,,,,,,,,,,,,,,,,56b,,,,,,,,,,,,,,,,,,,,,,,,,,,,,,,,,,,,,,,,
Point,3.3883804,6.4954037,node/6988054371,school,Makoko Dream Primary School,,,,,,,Bale Towe,,,,,,,,,,,,,,,,,,,,,,,,,,,,,,,,,,,,,,,,,,,,,,,,,,,,,,,,,
Point,3.3875777,6.494686,node/6988054372,school,Doyisem Best Academy,,,,,,,Azinpono Lane Migbewe1,,,,,,,,,,,,,,,,,32b/35b,,,,,,,,,,,,,,,,,,,,,,,,,,,,,,,,,,,,,,,,
Point,3.3881164,6.4957128,node/6988054373,school,Makoko Dream Nursery School,,,,,,,Bale Towe,,,,,,,,,,,,,,,,,,,,,,,,,,,,,,,,,,,,,,,,,,,,,,,,,,,,,,,,,
Point,3.3124111,6.6259835,node/7001111609,school,Folbim High School,,,,,,,Ipaja Road,,,,,,,,,,,,,,,,,166,,,,,,,,,,,,,,,,,,,,,,,,,,,,,,,,,,,,,,,,
Point,3.2275152,6.5920962,node/7334681785,school,Liberty College,,,,,,23401,"Balogun Road, Balogun Town.",,,,,,,,,,,,,,,,,4,,,,,,,,,,,,,,,,,,,,,,,,,,,,,,,,,,,,,,,,
Point,3.1684048,6.4606407,node/7337204425,school,Learnfast Comprehensive Academy,,,,,,,,,,,,,,,,,,,,,,,,,,,,,,,,,,,,,,,,,,,,,,,,,,,,,,,,,,,,,,,,
Point,3.1675358,6.4604062,node/7337266366,school,Victory Land College,,,,,,,,,,,,,,,,,,,,,,,,,,,,,,,,,,,,,,,,,,,,,,,,,,,,,,,,,,,,,,,,
Point,3.3857,6.6371,node/8499579824,school,"local government school i, isheri-olofin",,,,,,,,,,,,,,,,,,,,,,,,,,,,,,,,,,,,,,,,,,,,3,07:45 - 16:00,yes,,,,,,,,,,,,,,,,,,
Point,3.19913,6.51717,node/8533320760,school,"Roman Catholic Mission Primary School, Itire",,,,,,,,,,,,,,,,,,,,,,,,,,,,,,,,,,,,,,,,,,,,,,,6.51717,3.19913,,,,,,,,,,,,,,,,
Point,4.00536,6.66517,node/8533320840,school,"St. David'S Anglican School, Orogbe",,,,,,,,,,,,,,,,,,,,,,,,,,,,,,,,,,,,,,,,,,,,,,,6.66517,4.00536,,,,,,,,,,,,,,,,
Point,3.3844594,6.637796,node/8533320918,school,"St. Paul Primary School I, Ijoku",,,,,,,,,,,,,,,,,,,,,,,,,,,,,,,,,,,,,,,,,,,,,,,6.63711,3.38567,,,,,,,,,,,,,,,,
Point,4.0054,6.6652,node/8533569948,school,"St. Anne'S Catholic Primary School, Irawo",,,,,,,,,,,,,,,,,,,,,,,,,,,,,,,,,,,,,,,,,,,,3yrs,Mo-Fr 07:45 - 4:00,yes,6.6652,4.0054,,,,,,,,,,,,,,,,
Point,3.3857,6.6371,node/8533569967,school,"Local Government School I, Isheri-Olofin",,,,,,,,,,,,,,,,,,,,,,,,,,,,,,,,,,,,,,,,,,,,3yrs,Mo-Fr 07:45 - 4:00,yes,6.6371,3.3857,,,,,,,,,,,,,,,,
Point,3.1986118,6.5174771,node/8533570019,school,"Local Government Primary School, Totowu",,,,,,,,,,,,,,,,,,,,,,,,,,,,,,,,,,,,,,,,,,,,3yrs,Mo-Fr 07:45 - 4:00,yes,6.5172,3.1991,,,,,,,,,,,,,,,,
Point,3.5124975,6.4443102,node/8559845731,school,COVENANT HALL SCHOOL,,,,,Eti osa,105102,"Bamidele Eletu Avenue, Osapa London",,,,,,,,,,,,,,,,https://covenanthallschools.com.ng/,27,covenanthallschoolslekki@gmail.com,,,,,,,,,,,,,,,,,,,,,,,,,,,,,,,,,,,,,,,
Point,3.5005984,6.6260514,node/9213584264,school,Stars International College,,,,,,,,,,,,,,,,,,,,,,,,,,,,,,,,,,,,,,,,,,,,,,,,,,,,,,,,,,,,,,,,
Point,3.3759905,6.4940357,node/9932503719,school,,,,,,,,,,,,,,,,,,,,,,,,,,,,,,,,,,,,,,,,,,,,,,,,,,,,,,,,,,,,,,,,,
Point,-8.7509991,37.1664135,node/10169730310,school,Nautiluz Learning & Inovation Hub,,,,,,,,,,,0-10,,,,,,,,,,,,https://www.nautiluz.pt/,,,,,,,,,,,,,,,,,,,,,,,,,,,,,,,,,,,,,,,,,
Point,3.6291538,6.4704887,node/11121934209,school,Christ The Rock Of Ages International School,,,,,,,,,,,,,,,,,,,,,,,,,,,,,,,,,,,,,,,,,,,,,,,,,,,,,,,,,,,,,,,,
Point,3.6285601,6.471747,node/11121934218,school,Crane College,,,,,,,,,,,,,,,,,,,,,,,,,,,,,,,,,,,,,,,,,,,,,,,,,,,,,,,,,,,,,,,,
Point,3.6283485,6.4704322,node/11121934219,school,Crane Schools,,,,,,,,,,,,,,,,,,,,,,,,,,,,,,,,,,,,,,,,,,,,,,,,,,,,,,,,,,,,,,,,
Point,2.9738442,6.437166,node/11184752031,school,Iworo Ajido Model College,,,,,Lagos,103101,Whispering Palms-Iworo Rd,,,,,,,,,,,,,,,,https://lagosschoolsonline.com/schools/profile/1759,,,,,,,,,,,,,,,,,,,,,,,,,,,,,,,,,,,,,,,,,
Point,-0.2258548,43.2080123,node/11407983062,school,,,Q119907857,,,,,,,,,,,,public,,,,,,,,,,,,,,,,,Ministère de l'Éducation nationale et de la Jeunesse - 2023-11,,,,,,,,,,,,,,,,,,0640550A,primaire,,,,,,,,,,,,,,
Point,3.5230598,6.5397374,node/12132438350,school,Morning Dew Private School,,,,,,,Oreta Road,,,,,07063364306,,private,,,,,,,,,,,,,,,,,,,,,,,,,,,,,,,,,,,,,,,,,,,,,,,,,,
Point,3.2323297,6.5215423,node/12281528737,school,Danny grace academy,,,,,,,,,,,,private/ individual,,,,,,,,,,,,,,,,,,,survey,,,,,,,,,,,,,,,,,,,,per term,yes,school,gps,functional,no,yes,no,no,yes,no,,,
Point,3.2316771,6.5200787,node/12281528738,school,DE MICROBYTES,,,,,,,,,,,,private/ individual,,,,,,,,,,,,,,,,,,,survey,,,,,,,,,,,,,,,,,,,,5000/ month,yes,schooling,gps,functional,no,yes,no,no,yes,no,,,
Point,3.2343541,6.5227792,node/12281528739,school,Triple b nursery and primary,,,,,,,,,,,,private/ individual,,,,,,,,,,,,,,,,,,,survey,,,,,,,,,,,,,,,,,,,,pay per term,yes,learning,gps,needs repair,no,yes,no,yes,yes,yes,,,
Point,3.2290403,6.5211169,node/12281528740,school,JEMFAS SCHOOLS,,,,,,,,,,,,private/ individual,,,,,,,,,,,,,,,,,,,survey,,,,,,,,,,,,,,,,,,,,per term,yes,learning,gps,functional,no,yes,yes,yes,yes,yes,,,
Point,3.2329877,6.5257007,node/12281528741,school,St Mary Grace School,,,,,,,,,,,,private/ individual,,,,,,,,,,,,,,,,,,,survey,,,,,,,,,,,,,,,,,,,,7000-10000,yes,educational purposes,gps,functional,no,yes,no,no,yes,no,,,
Point,3.233245,6.5216733,node/12281528742,school,PILLARS COLLEGE,,,,,,,,,,,,private/ individual,,,,,,,,,,,,,,,,,,,survey,,,,,,,,,,,,,,,,,,,,per term,yes,learning,gps,functional,no,yes,yes,yes,yes,yes,,,
Point,3.2326753,6.5213164,node/12281528743,school,PILLARS PRIMARY SCHOOL,,,,,,,,,,,,private/ individual,,,,,,,,,,,,,,,,,,,survey,,,,,,,,,,,,,,,,,,,,term charged,yes,learning,gps,functional,no,yes,no,yes,yes,yes,,,
Point,3.2361984,6.5251875,node/12281528744,school,Mary Greg Schools,,,,,,,,,,,,private/ individual,,,,,,,,,,,,,,,,,,,survey,,,,,,,,,,,,,,,,,,,,per term,yes,school,gps,functional,no,yes,no,no,yes,no,,,
Point,3.2372744,6.5274908,node/12281528745,school,Loveone Academy,,,,,,,,,,,,private/ individual,,,,,,,,,,,,,,,,,,,survey,,,,,,,,,,,,,,,,,,,,7000naira-10000naira,yes,educational purposes,gps,functional,no,yes,no,no,yes,no,,,
Point,3.2361401,6.5225172,node/12281528746,school,Bridge School,,,,,,,,,,,,private/ individual,,,,,,,,,,,,,,,,,,,survey,,,,,,,,,,,,,,,,,,,,per term,yes,leaning,gps,functional,yes,yes,yes,yes,yes,yes,,,
Point,3.2375165,6.522484,node/12281528747,school,Al ibadah children School,,,,,,,,,,,,private/ individual,,,,,,,,,,,,,,,,,,,survey,,,,,,,,,,,,,,,,,,,,pay per term,yes,learning,gps,functional,yes,yes,yes,yes,yes,yes,,,
Point,3.2394586,6.5241514,node/12281528748,school,Tutorial lesson,,,,,,,,,,,,private/ individual,,,,,,,,,,,,,,,,,,,survey,,,,,,,,,,,,,,,,,,,,per term,yes,to give you a space to engage more actively with the course content,gps,functional,no,yes,yes,yes,yes,yes,,,
Point,3.2400836,6.5247633,node/12281528749,school,House,,,,,,,,,,,,private/ individual,,,,,,,,,,,,,,,,,,,survey,,,,,,,,,,,,,,,,,,,,per annual,yes,used to talk about a building made for people or a family to live in.,gps,functional,no,yes,yes,yes,yes,yes,,,
Point,3.2378394,6.5259754,node/12281528750,school,Mosfit private school,,,,,,,,,,,,private/ individual,,,,,,,,,,,,,,,,,,,survey,,,,,,,,,,,,,,,,,,,,payment per term,yes,education,gps,functional,yes,yes,yes,yes,yes,yes,,,
Point,3.2345573,6.5318251,node/12281528751,school,Amazing success model academy,,,,,,,,,,,,private/ individual,,,,,,,,,,,,,,,,,,,survey,,,,,,,,,,,,,,,,,,,,pay per team,yes,leaning,gps,functional,no,yes,no,no,yes,no,,,
Point,3.2343003,6.5307361,node/12281528752,school,Ikeoluwa conprehensive college,,,,,,,,,,,,private/ individual,,,,,,,,,,,,,,,,,,,survey,,,,,,,,,,,,,,,,,,,,pay per time,yes,educational center,gps,functional,no,yes,no,no,yes,no,,,
Point,3.2356623,6.5339716,node/12281528753,school,JB_JOSHBIS ACADEMY SCHOOL,,,,,,,,,,,,private/ individual,,,,,,,,,,,,,,,,,,,survey,,,,,,,,,,,,,,,,,,,,per term,yes,schools are organized spaces purposed for teaching and learning,gps,functional,no,yes,yes,yes,yes,yes,,,
Point,3.2359191,6.530527,node/12281528754,school,JIGATES DIGITAL SCHOOL,,,,,,,,,,,,private/ individual,,,,,,,,,,,,,,,,,,,survey,,,,,,,,,,,,,,,,,,,,per term,yes,for teaching and learning,gps,functional,no,yes,yes,yes,yes,yes,,,
Point,3.2348277,6.5345182,node/12281528755,school,Meevic home grace,,,,,,,,,,,,private/ individual,,,,,,,,,,,,,,,,,,,survey,,,,,,,,,,,,,,,,,,,,payment per term,yes,education,gps,functional,yes,yes,yes,yes,yes,yes,,,
Point,3.2345847,6.5318697,node/12281528756,school,Amazing Success Model Academy,,,,,,,,,,,,private/ individual,,,,,,,,,,,,,,,,,,,survey,,,,,,,,,,,,,,,,,,,,8000-12000,yes,educational activities,gps,functional,no,yes,no,no,yes,no,,,
Point,3.2359642,6.5347949,node/12281528757,school,PECULIAR TREASURE NURSERY AND PRIMARY SCHOOL,,,,,,,,,,,,private/ individual,,,,,,,,,,,,,,,,,,,survey,,,,,,,,,,,,,,,,,,,,per term,yes,learning,gps,functional,no,yes,yes,yes,yes,yes,,,
Point,3.2355433,6.5359617,node/12281528758,school,DAMARVOUR School,,,,,,,,,,,,private/ individual,,,,,,,,,,,,,,,,,,,survey,,,,,,,,,,,,,,,,,,,,per term,yes,primary school,gps,functional,no,yes,no,yes,yes,yes,,,
Point,3.2343019,6.5305774,node/12281528759,school,Ike Oluwa comprehensive college,,,,,,,,,,,,private/ individual,,,,,,,,,,,,,,,,,,,survey,,,,,,,,,,,,,,,,,,,,"35,000 per term",yes,educational purpose,gps,functional,no,yes,no,no,yes,no,,,
Point,3.2329026,6.5328142,node/12281528760,school,"Motbram Nur, primary school",,,,,,,,,,,,private/ individual,,,,,,,,,,,,,,,,,,,survey,,,,,,,,,,,,,,,,,,,,17500per child,yes,education purpose,gps,functional,no,yes,yes,yes,yes,yes,,,
Point,3.2358137,6.5303697,node/12281528761,school,Jigates digital School,,,,,,,,,,,,private/ individual,,,,,,,,,,,,,,,,,,,survey,,,,,,,,,,,,,,,,,,,,pay per team,yes,leaning,gps,functional,no,yes,yes,yes,yes,yes,,,
Point,3.2321863,6.5299637,node/12281528762,school,Alpha comprehensive schools,,,,,,,,,,,,private/ individual,,,,,,,,,,,,,,,,,,,survey,,,,,,,,,,,,,,,,,,,,7000- 10000,yes,educational purposes,gps,functional,no,yes,no,no,yes,no,,,
Point,3.2290444,6.5240321,node/12281528763,school,Excellent Breed School,,,,,,,,,,,,private/ individual,,,,,,,,,,,,,,,,,,,survey,,,,,,,,,,,,,,,,,,,,#100-#200 per day,yes,learning,gps,functional,no,yes,no,no,yes,no,,,
Point,3.2277602,6.5246006,node/12281528764,school,Connection Private school,,,,,,,,,,,,private/ individual,,,,,,,,,,,,,,,,,,,survey,,,,,,,,,,,,,,,,,,,,per term,yes,school to gain knowledge & skills and personal development,gps,functional,no,yes,yes,yes,yes,yes,,,
Point,3.2293439,6.5231863,node/12281528765,school,Beatom Excellent Montessori,,,,,,,,,,,,private/ individual,,,,,,,,,,,,,,,,,,,survey,,,,,,,,,,,,,,,,,,,,per term base,yes,schools are organized spaces purposed for teaching and learning.,gps,functional,no,yes,no,yes,yes,yes,,,
Point,3.2283632,6.5224477,node/12281528766,school,Denoy kids academy & college,,,,,,,,,,,,private/ individual,,,,,,,,,,,,,,,,,,,survey,,,,,,,,,,,,,,,,,,,,per term base,yes,schools are organized spaces purposed for teaching and learning,gps,functional,no,yes,no,yes,yes,yes,,,
Point,3.2315598,6.5304273,node/12281528767,school,First winner's nursery & primary school,,,,,,,,,,,,private/ individual,,,,,,,,,,,,,,,,,,,survey,,,,,,,,,,,,,,,,,,,,5000-8000,yes,educational purposes,gps,functional,no,yes,no,no,yes,no,,,
Point,3.3798654,6.5682357,node/12381822089,school,Story Academy Special needs school,,,,,Lagos,105102,Ilesanmi Street,,,,1-7,,,,,,,,,,,,sa,2,storyacademy02@gmail.com,09016656367,,,,,,,,,,,,,,,,,,,,,,,,,,,,,,,,,,,,,,
Point,-8.6872569,37.0962915,node/12573917895,school,Escola Secundária Gil Eanes,,,,,Lagos,8600-614,Rua da Escola Gil Eanes,,,,9-12,,,public,,,,,,,,,https://aegileanes.pt/,,,+351 282 770 160,,,,,,,,,,,,,,,,,,,,yes,,,,,,,,,,,,,,,,wlan,"0,1",
Point,-8.6872417,37.0962787,node/12573951622,school,Escola Gil Eanes,,,,,São Gonçalo de Lagos,8600-614,Rua da Escola Gil Eanes,,,,9-12,,,,,,,,,,,,https://aegileanes.pt/,,gileanes.secretaria@aegileanes.pt,+351 282 770 160,,,,,,,,,,,,,,,,,,,,,,,,,,,,,,,,,,,,,1,
Point,3.3978209,6.5198069,node/13023896283,school,Faculty of Art Unilag,,,,,,,,,,,,,,,,,,,,,,Faculty of Art,,,,,,,,,,,,,,,,,,,,,,,,,,,,,,,,,,,,,,,,,,
Point,3.3876968,6.6092687,node/13031513776,school,Ayedere Ajibola Junior Secoundary School,,,,,Kosofe,,"Ayedere Junior School Anibaba Street Iyana School Ketu, Kosofe, Lagos",,,,6-8,Government School,,government,,,,,,,,,,,,,,,,,,,,,,,,,,,,,,,,,,,,,,,,,,,,,,,,,,
Point,3.3881556,6.607512,node/13031519771,school,Ayedere Ajibola Sernior High School.,,,,,Kosofe,,Ayedere sernior school Anibaba Street ketu.,,,,,,,,,,,,,,,,,,,,,,,,,,,,,,,,,,,,,,,,,,,,,,,,,,,,,,,,,
Point,3.3913478,6.5119755,node/13111316588,school,"International School, Unilag",ISL,,,,,,DLI Road,,,,1-12,,,,,,,,,,,,,,,,christian,,,,,,,,,,,,,,,,,,,,,,,,,,,,,,,,,,,,,
Point,3.2180986,6.4528502,node/13943316054,school,Ojo Senior High School,,Q109289808,,,,,,,,,,,,,,,,,,,,,,,,,,,,,,,,,,,,,,,school,,,,,,,,,,,,,,,,,,,,,,,
Point,3.2191215,6.4527587,node/13943316055,school,Ojo Junior High School,,Q109289823,,,,,,,,,,,,,,,,,,,,,,,,,,,,,,,,,,,,,,,school,,,,,,,,,,,,,,,,,,,,,,,
Point,3.20017,6.4586199,node/13943316056,school,"Awori Junior College, Ojo",,Q110830222,,,,,,,,,,,,,,,,,,,,,,,,,,,,,,,,,,,,,,,school,,,,,,,,,,,,,,,,,,,,,,,
Point,3.179207,6.474256,node/13943393318,school,Ajangbadi Junior High School,,Q109302037,,,,,,,,,,,,,,,,,,,,,,,,,,,,,,,,,,,,,,,school,,,,,,,,,,,,,,,,,,,,,,,
Point,3.1700885,6.4620083,node/13943621148,school,Dynamic Foundation College,,Q138510456,,,,,Taiwo Akinbode Street,,,,,,,,,,,,,,,,,26,,,,,,,,,,,,,,,,,school,,,,,,,,,,,,,,,,,,,,,,,
Point,3.1662081,6.453324,node/13943621157,school,St. Michael Nursery & Primary School,,Q136472142,,,,,St. Michael School Street,,,,,,,,,,,,,,,,,2,,,,,,,,,,,,,,,,,school,,,,,,,,,,,,,,,,,,,,,,,
Point,3.1582855,6.4587689,node/13943621158,school,Orisan Private School,,Q136386714,,,,,,,,,,,,,,,,,,,,,,,,,,,,,,,,,,,,,,,school,,,,,,,,,,,,,,,,,,,,,,,
Point,3.1532208,6.4558505,node/13943621159,school,Joeihevic Private Schools,,Q136697902,,,"Shibiri, Otto-Awori, Ojo",,Sebiomo Street,,,,,,,,,,,,,,,,,40,,,,,,,,,,,,,,,,,school,,,,,,,,,,,,,,,,,,,,,,,
Point,3.1498315,6.465087,node/13943621161,school,The Kingsway Private School,,Q136472191,,,"Ajangbadi, Ojo",,Ilogbo Road,,,,,,,,,,,,,,,,,201,,,,,,,,,,,,,,,,,school,,,,,,,,,,,,,,,,,,,,,,,
Point,3.1443594,6.4908638,node/13943699531,school,National Postgraduate Medical College of Nigeria,,Q25053746,en:National Postgraduate Medical College of Nigeria,,,,,,,,,,,,,,,,,,,,,,,,,,,,,,,,,,,,,,school,,,,,,,,,,,,,,,,,,,,,,,
Point,3.1443062,6.4169106,node/13943709267,school,Osolu Junior and Senior High School,,Q110823867,,,,,,,,,,,,,,,,,,,,,,,,,,,,,,,,,,,,,,,school,,,,,,,,,,,,,,,,,,,,,,,
Point,2.9572632,6.4123258,node/13950668788,school,Local Authority Primary School Akarakumoh,,Q116312849,,,,,,,,,,,,,,,,,,,,,,,,,,,,,,,,,,,,,,,school,,,,,,,,,,,,,,,,,,,,,,,1954-05-01
Point,2.8989435,6.4127378,node/13950768469,school,"Methodist Senior High School, Badagry",,Q123926686,,,,,,,,,,,,,,,,,,,,,https://lagosschoolsonline.com/single-school.php?id=432,,,,,,,,,,,,,,,,,,school,,,,,,,,,,,,,,,,,,,,,,,
