geom_type,lon,lat,@id,amenity,building,name,@geometry,height,addr:city,addr:street,alt_name,brand,brand:wikidata,website,addr:housenumber,addr:postcode,atm,branch,branch:type,brand:website,brand:wikipedia,contact:facebook,contact:instagram,contact:linkedin,contact:phone,contact:youtube,opening_hours,operator,operator:wikidata,operator:wikipedia,ref,short_name,source:contact,source:opening_hours,official_name,addr:country,addr:state,building:levels,barrier,landuse,phone,contact:website,int_name,drive_through,cash_in,cash_out,check_date,contact:email,contact:twitter,internet_access,language:en,language:es,language:fr,language:it,language:pt,source:operator,operator:alt_name,wheelchair,contact:fax,operator:old_name,operator:old_name:short,ref_name,name:en,description,source,survey:date,facility_manager,source:position,status,air_conditioning,currency:NGN,payment:cash,payment:debit_cards
Point,3.3671629,6.6396802,way/131672297,bank,yes,Diamond Bank,center,,,,,,,,,,,,,,,,,,,,,,,,,,,,,,,,,,,,,,,,,,,,,,,,,,,,,,,,,,,,,,,,,,
Point,3.5299411,6.4415561,way/304931125,bank,yes,First Bank of Nigeria,center,9,,,,,,,,,,,,,,,,,,,,,,,,,,,,,,,,,,,,,,,,,,,,,,,,,,,,,,,,,,,,,,,,,
Point,3.4227306,6.4436235,way/363789616,bank,yes,Zenith Bank,center,12,Lagos,Awolowo Road,Zenith Bank Awolowo Road,Zenith Bank,Q5978240,https://www.zenithbank.com/,,,,,,,,,,,,,,,,,,,,,,,,,,,,,,,,,,,,,,,,,,,,,,,,,,,,,,,,,,,
Point,-8.6727168,37.1025727,node/418723886,bank,,Caixa Geral de Depósitos,,,Lagos,Praça Gil Eannes,,Caixa Geral de Depósitos,Q1026044,https://www.cgd.pt/Corporativo/Rede-CGD/Pages/LAGOS.aspx,9,8600-668,yes,Lagos,retail,https://www.cgd.pt/,pt:Caixa Geral de Depósitos,caixageraldedepositos,caixageraldedepositos,https://www.linkedin.com/company/caixageraldedepositos/,+351 217 900 790,http://www.youtube.com/user/mediacgd,"Mo-Fr 08:30-15:00; Sa,Su,PH off",Caixa Geral de Depósitos,Q1026044,pt:Caixa Geral de Depósitos,1140,CGD,website,website,,,,,,,,,,,,,,,,,,,,,,,,,,,,,,,,,,,,,,,
Point,3.4313329,6.4542046,way/524285979,bank,yes,Ecobank,center,20,,,,Ecobank,Q930225,,,,,,,,,,,,,,,,,,,,,,,,,,,,,,,,,,,,,,,,,,,,,,,,,,,,,,,,,,,,
Point,3.4276542,6.4329896,way/529219704,bank,yes,UBA,center,,,,,UBA,Q513457,,,,,,,,,,,,,,,,,,,,,,United Bank for Africa,,,,,,,,,,,,,,,,,,,,,,,,,,,,,,,,,,,,,,
Point,3.4207784,6.4292447,way/529444311,bank,yes,UBA,center,,Lagos,Adeola Odeku Street,UBA Adeola Odeku,UBA,Q513457,https://www.ubagroup.com/nigeria/,,,,,,,en:United Bank for Africa,,,,,,,,,,,,,,United Bank for Africa,,,,,,,,,,,,,,,,,,,,,,,,,,,,,,,,,,,,,,
Point,3.3121729,6.4661462,way/539335258,bank,yes,First Bank,center,,,,,,,,,,,,,,,,,,,,,,,,,,,,,,,,,,,,,,,,,,,,,,,,,,,,,,,,,,,,,,,,,,
Point,3.431103,6.4534228,way/541770004,bank,yes,Zenith Bank,center,,,,,Zenith Bank,Q5978240,,,,,,,,,,,,,,,,,,,,,,,,,,,,,,,,,,,,,,,,,,,,,,,,,,,,,,,,,,,,
Point,3.4196311,6.430256,way/542661157,bank,yes,Sterling Bank,center,,Lagos,Adeola Odeku Street,Sterling Bank Adeola Odeku,,,,300,,,,,,,,,,,,,,,,,,,,,,,,,,,,,,,,,,,,,,,,,,,,,,,,,,,,,,,,,,
Point,3.4198156,6.4301816,way/542661158,bank,yes,Zenith Bank,center,,,,,Zenith Bank,Q5978240,,,,,,,,en:Zenith Bank,,,,,,,,,,,,,,,,,,,,,,,,,,,,,,,,,,,,,,,,,,,,,,,,,,,,
Point,3.4103306,6.4365359,way/544346767,bank,yes,Fidelity Bank,center,8.0,Lagos,Kofo Abayomi Street,Fidelity Bank Corporate Head Office,Fidelity Bank,Q5446777,https://www.fidelitybank.ng/,2,,,,,,en:Fidelity Bank Nigeria,,,,,,,,,,,,,,,,,,,,,,,,,,,,,,,,,,,,,,,,,,,,,,,,,,,,
Point,3.4153719,6.4351658,way/548600208,bank,yes,Ecobank,center,15,,,,Ecobank,Q930225,,,,yes,,,,en:Ecobank,,,,,,,,,,,,,,,,,,,,,,,,,,,,,,,,,,,,,,,,,,,,,,,,,,,,
Point,3.3576231,6.5840441,way/551464850,bank,yes,First City Monument Bank,center,14,Ikeja,Isaac John Street,FCMB Ikeja Gra,,,https://www.fcmb.com/,48,,,,,,,,,,,,,,,,,,,,,,,,,,,,,,,,,,,,,,,,,,,,,,,,,,,,,,,,,,
Point,3.3566747,6.5848503,way/551464856,bank,yes,Standard Chartered,center,8,,,,Standard Chartered,Q548278,,,,,,,,,,,,,,,,,,,,,,,,,,,,,,,,,,,,,,,,,,,,,,,,,,,,,,,,,,,,
Point,3.3568195,6.5845597,way/551464857,bank,yes,Skye Bank,center,8,,,,,,,,,,,,,,,,,,,,,,,,,,,,,,,,,,,,,,,,,,,,,,,,,,,,,,,,,,,,,,,,,
Point,3.4213622,6.4432278,way/556872673,bank,yes,Sterling Bank,center,10,,,,,,,,,,,,,,,,,,,,,,,,,,,,,,,,,,,,,,,,,,,,,,,,,,,,,,,,,,,,,,,,,
Point,3.4381836,6.4311129,way/560577533,bank,yes,Stanbic Bank,center,18,Lagos,Ajose Adeogun Street,Stanbic Bank Ajose Adeogun,,,https://www.stanbicibtcbank.com/nigeriabank/personal,,,,,,,,,,,,,,,,,,,,,,,,,,,,,,,,,,,,,,,,,,,,,,,,,,,,,,,,,,,
Point,3.4377634,6.4313202,way/560577536,bank,yes,Diamond Bank,center,18,,,,,,,,,,,,,,,,,,,,,,,,,,,,,,,,,,,,,,,,,,,,,,,,,,,,,,,,,,,,,,,,,
Point,3.4088727,6.4356737,way/591626824,bank,yes,Ecobank,center,10,,,,Ecobank,Q930225,,,,,,,,en:Ecobank,,,,,,,,,,,,,,,,,,,,,,,,,,,,,,,,,,,,,,,,,,,,,,,,,,,,
Point,3.4199757,6.4293688,way/595620082,bank,yes,Access Bank,center,11,Lagos,Adeola Odeku Street,Access Bank Adeola Odeku,Access Bank,Q4672418,https://www.accessbankplc.com/,,,,,,,en:Access Bank plc,,,,,,,,,,,,,,,,,,,,,,,,,,,,,,,,,,,,,,,,,,,,,,,,,,,,
Point,3.4185177,6.4361847,way/599458863,bank,yes,Zenith Bank,center,17,,,,Zenith Bank,Q5978240,,,,,,,,en:Zenith Bank,,,,,,,,,,,,,,,,,,,,,,,,,,,,,,,,,,,,,,,,,,,,,,,,,,,,
Point,3.4091682,6.434849,way/603511844,bank,yes,The Infrastructure Bank PLC,center,9,,,,,,,,,,,,,,,,,,,,,,,,,,,,,,,,,,,,,,,,,,,,,,,,,,,,,,,,,,,,,,,,,
Point,3.3548474,6.5969451,way/625093259,bank,commercial,Keystone Bank,center,,Ikeja,Allen Avenue,,,,https://www.keystonebankng.com/,8,100281,,,,,,,,,,,,,,,,,,,,NG,Lagos,3,,,,,,,,,,,,,,,,,,,,,,,,,,,,,,,,,,,
Point,3.3540652,6.5971813,way/625602955,bank,yes,UBA,center,,,,,UBA,Q513457,,,,,,,,,,,,,,,,,,,,,,United Bank for Africa,,,,,,,,,,,,,,,,,,,,,,,,,,,,,,,,,,,,,,
Point,3.4437454,6.4343169,way/625644969,bank,yes,Fidelity Bank,center,15,,,,,,,,,,,,,,,,,,,,,,,,,,,,,,,,,,,,,,,,,,,,,,,,,,,,,,,,,,,,,,,,,
Point,3.4455381,6.434721,way/625644997,bank,yes,Access Bank,center,15,Lagos,Abila Abiodun Oniru Road,Access Bank Lekki 1,,,https://www.accessbankplc.com/,,,,Lekki 1,,,,,,,,,,,,,,,,,,,,,,,,,,,,,,,,,,,,,,,,,,,,,,,,,,,,,,,
Point,3.3537071,6.5988227,way/626246880,bank,yes,ASHA,center,,Ikeja,Allen Avenue,,,,,26,100281,,,,,,,,,,,,,,,,,,,,NG,Lagos,4,,,,,,,,,,,,,,,,,,,,,,,,,,,,,,,,,,,
Point,3.3540655,6.5985601,way/626246886,bank,,Ecobank,center,,Ikeja,Allen Avenue,,Ecobank,Q930225,,20,100281,,,,,,,,,,,,,,,,,,,,NG,Lagos,,fence,commercial,+2347005000000,,,,,,,,,,,,,,,,,,,,,,,,,,,,,,,,
Point,3.3566774,6.4895627,node/639043695,bank,,GT Bank,,,Lagos,Bode Thomas Street,GT Bank Surulere Bode Thomas,,,,94,,yes,,,,,,,,,,,"Guaranty Trust Bank, Bode Thomas Branch",,,,,,,,,,,,,,https://www.gtbank.com/locate/atms/surulere-bode-thomas,Guaranty Trust Bank Plc,,,,,,,,,,,,,,,,,,,,,,,,,,,,,,
Point,3.3565595,6.4895757,node/639049800,bank,,,,,,,,,,,,,,,,,,,,,,,,Afri Bank - Bode Thomas Branch,,,,,,,,,,,,,,,,,,,,,,,,,,,,,,,,,,,,,,,,,,,,,
Point,3.430308,6.4314476,way/641988210,bank,yes,,center,20,,,,,,,,,,,,,,,,,,,,,,,,,,,,,,,,,,,,,,,,,,,,,,,,,,,,,,,,,,,,,,,,,
Point,3.4488839,6.4355961,way/641988257,bank,yes,GT Bank,center,16,,,,GT Bank,Q579747,,,,,,,,,,,,,,,,,,,,,,Guaranty Trust Bank,,,,,,,,,,,,,,,,,,,,,,,,,,,,,,,,,,,,,,
Point,3.3108733,6.4752158,way/652322136,bank,yes,Gt Bank,center,,,,,,,,,,,,,,,,,,,,,,,,,,,,,,,,,,,,,,,,,,,,,,,,,,,,,,,,,,,,,,,,,,
Point,3.4243374,6.4308962,way/653305661,bank,yes,FCMB,center,,Lagos,Sanusi Fafunwa Street,FCMB Sanusi Fafunwa,,,https://www.fcmb.com/,2,,,,,,,,,,,,,,,,,,,,,,,,,,,,,,,,,,,,,,,,,,,,,,,,,,,,,,,,,,
Point,3.4084047,6.4291372,way/662629705,bank,yes,First Bank,center,,,,,,,,,,yes,,,,,,,,,,,,,,,,,,,,,,,,,,,no,,,,,,,,,,,,,,,,,,,,,,,,,,,,,
Point,3.3100544,6.6085232,way/746513661,bank,yes,UBA,center,,,,,UBA,Q513457,,,,,,,,en:United Bank for Africa,,,,,,,,,,,,,,,,,,,,,,,,,,,,,,,,,,,,,,,,,,,,,,,,,,,,
Point,3.3109763,6.6095194,way/748614932,bank,yes,Zenith Bank,center,,,,,Zenith Bank,Q5978240,,,,,,,,en:Zenith Bank,,,,,,,,,,,,,,,,,,,,,,,,,,,,,,,,,,,,,,,,,,,,,,,,,,,,
Point,3.3741231,6.5175212,way/760061877,bank,yes,Zenith Bank/CITM,center,,,,,,,,,,yes,,,,,,,,,,,,,,,,,,,,,,,,,,,,,,,,,,,,,,,,,,,,,,,,,,,,,,,,
Point,3.4696978,6.4474237,way/775899029,bank,yes,UBA,center,12,,,,UBA,Q513457,,,,,,,,en:United Bank for Africa,,,,,,,,,,,,,,United Bank for Africa,,,,,,,,,,,,,,,,,,,,,,,,,,,,,,,,,,,,,,
Point,3.498149,6.6232753,way/778297075,bank,yes,Access Bank,center,,,,,Access Bank,Q4672418,,,,,,,,en:Access Bank plc,,,,,,,,,,,,,,,,,,,,,,,,,,,,,,,,,,,,,,,,,,,,,,,,,,,,
Point,3.517788,6.6494464,way/778616157,bank,yes,Access Bank,center,,,,,Access Bank,Q4672418,,,,yes,,,,en:Access Bank plc,,,,,,,,,,,,,,,,,,,,,,,,,,,,,,,,,,,,,,,,,,,,,,,,,,,,
Point,3.5037548,6.6195337,way/778625558,bank,yes,Access Bank,center,,,,,Access Bank,Q4672418,,,,,,,,en:Access Bank plc,,,,,,,,,,,,,,,,,,,,,,,,,,,,,,,,,,,,,,,,,,,,,,,,,,,,
Point,3.496202,6.6241301,way/778859489,bank,yes,First Bank,center,,,,,,,,,,,,,,,,,,,,,,,,,,,,,,,,,,,,,,,,,,,,,,,,,,,,,,,,,,,,,,,,,,
Point,3.4989937,6.6233382,way/778859491,bank,yes,Union Bank,center,,,,,,,,,,,,,,,,,,,,,,,,,,,,,,,,,,,,,,,,,,,,,,,,,,,,,,,,,,,,,,,,,,
Point,3.4996201,6.6226973,way/778859497,bank,yes,Ecobank,center,,,,,Ecobank,Q930225,,,,,,,,en:Ecobank,,,,,,,,,,,,,,,,,,,,,,,,,,,,,,,,,,,,,,,,,,,,,,,,,,,,
Point,3.4995095,6.6227856,way/778859498,bank,yes,Fidelity Bank,center,,,,,Fidelity Bank,Q5446777,,,,,,,,en:Fidelity Bank Nigeria,,,,,,,,,,,,,,,,,,,,,,,,,,,,,,,,,,,,,,,,,,,,,,,,,,,,
Point,3.502911,6.619127,way/778868286,bank,yes,Skye Bank,center,,,,,,,,,,,,,,,,,,,,,,,,,,,,,,,,,,,,,,,,,,,,,,,,,,,,,,,,,,,,,,,,,,
Point,-8.6801781,37.1116003,node/779426341,bank,,Bankinter,,,,,,Bankinter,Q806808,,,,yes,,,,en:Bankinter,,,,,,,Bankinter,Q806808,en:Bankinter,,,,,,,,,,,,,,,,,,,,,,,,,,,,,,,,,,,,,,,,,,,
Point,3.3827387,6.600142,way/780383039,bank,yes,UBA,center,,,,,UBA,Q513457,,,,,,,,en:United Bank for Africa,,,,,,,,,,,,,,United Bank for Africa,,,,,,,,,,,,,,,,,,,,,,,,,,,,,,,,,,,,,,
Point,3.3895935,6.6008843,way/780384512,bank,yes,Syke Bank,center,,,,,,,,,,,,,,,,,,,,,,,,,,,,,,,,,,,,,,,,,,,,,,,,,,,,,,,,,,,,,,,,,,
Point,3.3235027,6.649586,way/781369446,bank,yes,Sterling Bank,center,,,,,,,,,,,,,,,,,,,,,,,,,,,,,,,,,,,,,,,,,,,,,,,,,,,,,,,,,,,,,,,,,,
Point,3.3603704,6.5257946,way/783485107,bank,yes,Zenith Bank,center,,,,,Zenith Bank,Q5978240,,,,,,,,en:Zenith Bank,,,,,,,,,,,,,,,,,,,,,,,,,,,,,,,,,,,,,,,,,,,,,,,,,,,,
Point,3.3609908,6.5253249,way/783485112,bank,yes,Sterling Bank,center,,,,,,,,,,,,,,,,,,,,,,,,,,,,,,,,,,,,,,,,,,,,,,,,,,,,,,,,,,,,,,,,,,
Point,3.3616976,6.524705,way/783485114,bank,yes,GTBank,center,,,,,,,,,,,,,,,,,,,,,,,,,,,,,,,,,,,,,,,,,,,,,,,,,,,,,,,,,,,,,,,,,,
Point,3.3520176,6.5340966,way/783485132,bank,yes,Access Bank,center,,,,,Access Bank,Q4672418,,,,,,,,en:Access Bank plc,,,,,,,,,,,,,,,,,,,,,,,,,,,,,,,,,,,,,,,,,,,,,,,,,,,,
Point,3.2977161,6.4682667,way/784955959,bank,yes,Fidelity Bank,center,,,,,Fidelity Bank,Q5446777,,,,,,,,en:Fidelity Bank Nigeria,,,,,,,,,,,,,,,,,,,,,,,,,,,,,,,,,,,,,,,,,,,,,,,,,,,,
Point,3.5835425,6.4963083,way/785246618,bank,yes,Diamond,center,,,,,,,,,,,,,,,,,,,,,,,,,,,,,,,,,,,,,,,,,,,,,,,,,,,,,,,,,,,,,,,,,,
Point,3.456888,6.4291377,way/787960031,bank,yes,Skye Bank,center,,,,,,,,,,,,,,,,,,,,,,,,,,,,,,,,,,,,,,,,,,,,,,,,,,,,,,,,,,,,,,,,,,
Point,3.3544006,6.6265654,way/793453588,bank,yes,Zenith Bank,center,,,Lateef Jakande Road,,Zenith Bank,Q5978240,https://www.zenithbank.com/,8/10,,,,,,en:Zenith Bank,,,,+234-0803-092-8066;+234-0706-511-0844;+234-0903-326-6809,,,,,,,,,,,,,,,,,,,,,,,,,,,,,,,,,,,,,,,,,,,,,,,,
Point,3.354153,6.6273263,way/793453592,bank,yes,Standard Chartered,center,,,,,Standard Chartered,Q548278,,,,,,,,en:Standard Chartered,,,,,,,,,,,,,,,,,,,,,,,,,,,,,,,,,,,,,,,,,,,,,,,,,,,,
Point,3.353732,6.6273696,way/793453594,bank,yes,First Bank,center,,,,,,,,,,,,,,,,,,,,,,,,,,,,,,,,,,,,,,,,,,,,,,,,,,,,,,,,,,,,,,,,,,
Point,-8.6730462,37.1031894,node/851554683,bank,,Santander,,,Lagos,Rua Porta de Portugal,,Santander,Q4854116,https://www.santander.pt/,19,8600-701,yes,Lagos,,https://www.santander.pt/,pt:Banco Santander Portugal,santanderpt,santanderpt,https://www.linkedin.com/company/santanderpt/,+351 282 770 940,@santanderpt,"Mo-Fr 08:30-15:00; Sa-Su off; Jan 01,Apr 25,May 25,Jun 01,Jun 26,Aug 10,Aug 24,Oct 15,Nov 05,Dec 01,Dec 08,Dec 25 off",Banco Santander (Portugal),Q4854116,pt:Banco Santander Portugal,5319,,website,website,,,,,,,,,,,yes,yes,2024-09-09,lagos@santander.pt,santanderpt,wlan,yes,yes,yes,yes,yes,,,,,,,,,,,,,,,,,,
Point,2.8786998,6.4182916,node/889290383,bank,,Zenith Bank,,,,,,Zenith Bank,Q5978240,,,,,,,,en:Zenith Bank,,,,,,,,,,,,,,,,,,,,,,,,,,,,,,,,,,,,,,,,,,,,,,,,,,,,
Point,3.4426712,6.4260373,way/935412384,bank,yes,Diamond Bank,center,18,,,,,,,,,,,,,,,,,,,,,,,,,,,,,,,,,,,,,,,,,,,,,,,,,,,,,,,,,,,,,,,,,
Point,3.4419608,6.4259388,way/935412385,bank,yes,Diamond Bank,center,18,,,,,,,,,,,,,,,,,,,,,,,,,,,,,,,,,,,,,,,,,,,,,,,,,,,,,,,,,,,,,,,,,
Point,3.4417784,6.4259282,way/935412386,bank,yes,Diamond Bank,center,18,,,,,,,,,,,,,,,,,,,,,,,,,,,,,,,,,,,,,,,,,,,,,,,,,,,,,,,,,,,,,,,,,
Point,3.4414941,6.4260721,way/935412387,bank,yes,Diamond Bank,center,18,,,,,,,,,,,,,,,,,,,,,,,,,,,,,,,,,,,,,,,,,,,,,,,,,,,,,,,,,,,,,,,,,
Point,3.4406143,6.4264612,way/935412388,bank,yes,Diamond Bank,center,18,,,,,,,,,,,,,,,,,,,,,,,,,,,,,,,,,,,,,,,,,,,,,,,,,,,,,,,,,,,,,,,,,
Point,3.4403622,6.4265732,way/935412389,bank,yes,Diamond Bank,center,18,,,,,,,,,,,,,,,,,,,,,,,,,,,,,,,,,,,,,,,,,,,,,,,,,,,,,,,,,,,,,,,,,
Point,3.4402238,6.4265689,way/935412390,bank,yes,Diamond Bank,center,18,,,,,,,,,,,,,,,,,,,,,,,,,,,,,,,,,,,,,,,,,,,,,,,,,,,,,,,,,,,,,,,,,
Point,3.431122,6.4338149,way/935412395,bank,yes,Diamond Bank,center,18,,,,,,,,,,,,,,,,,,,,,,,,,,,,,,,,,,,,,,,,,,,,,,,,,,,,,,,,,,,,,,,,,
Point,3.443259,6.42765,way/935412396,bank,yes,Diamond Bank,center,18,,,,,,,,,,,,,,,,,,,,,,,,,,,,,,,,,,,,,,,,,,,,,,,,,,,,,,,,,,,,,,,,,
Point,3.4427816,6.4285136,way/935412397,bank,yes,Diamond Bank,center,18,,,,,,,,,,,,,,,,,,,,,,,,,,,,,,,,,,,,,,,,,,,,,,,,,,,,,,,,,,,,,,,,,
Point,3.4435594,6.4273835,way/935412398,bank,yes,Diamond Bank,center,18,,,,,,,,,,,,,,,,,,,,,,,,,,,,,,,,,,,,,,,,,,,,,,,,,,,,,,,,,,,,,,,,,
Point,3.442685,6.4292759,way/935412399,bank,yes,Diamond Bank,center,18,,,,,,,,,,,,,,,,,,,,,,,,,,,,,,,,,,,,,,,,,,,,,,,,,,,,,,,,,,,,,,,,,
Point,3.44055,6.4273355,way/935412400,bank,yes,Diamond Bank,center,18,,,,,,,,,,,,,,,,,,,,,,,,,,,,,,,,,,,,,,,,,,,,,,,,,,,,,,,,,,,,,,,,,
Point,3.4386724,6.4269996,way/935412401,bank,yes,Diamond Bank,center,18,,,,,,,,,,,,,,,,,,,,,,,,,,,,,,,,,,,,,,,,,,,,,,,,,,,,,,,,,,,,,,,,,
Point,3.4393376,6.4286948,way/935412402,bank,yes,Diamond Bank,center,18,,,,,,,,,,,,,,,,,,,,,,,,,,,,,,,,,,,,,,,,,,,,,,,,,,,,,,,,,,,,,,,,,
Point,3.4396487,6.4287215,way/935412403,bank,yes,Diamond Bank,center,18,,,,,,,,,,,,,,,,,,,,,,,,,,,,,,,,,,,,,,,,,,,,,,,,,,,,,,,,,,,,,,,,,
Point,3.4401744,6.428263,way/935412404,bank,yes,Diamond Bank,center,18,,,,,,,,,,,,,,,,,,,,,,,,,,,,,,,,,,,,,,,,,,,,,,,,,,,,,,,,,,,,,,,,,
Point,3.4400296,6.4278792,way/935412405,bank,yes,Diamond Bank,center,18,,,,,,,,,,,,,,,,,,,,,,,,,,,,,,,,,,,,,,,,,,,,,,,,,,,,,,,,,,,,,,,,,
Point,3.4399009,6.4278685,way/935412406,bank,yes,Diamond Bank,center,18,,,,,,,,,,,,,,,,,,,,,,,,,,,,,,,,,,,,,,,,,,,,,,,,,,,,,,,,,,,,,,,,,
Point,3.4387207,6.4278579,way/935412407,bank,yes,Diamond Bank,center,18,,,,,,,,,,,,,,,,,,,,,,,,,,,,,,,,,,,,,,,,,,,,,,,,,,,,,,,,,,,,,,,,,
Point,3.438887,6.4273835,way/935412408,bank,yes,Diamond Bank,center,18,,,,,,,,,,,,,,,,,,,,,,,,,,,,,,,,,,,,,,,,,,,,,,,,,,,,,,,,,,,,,,,,,
Point,3.4377926,6.4272236,way/935412409,bank,yes,Diamond Bank,center,18,,,,,,,,,,,,,,,,,,,,,,,,,,,,,,,,,,,,,,,,,,,,,,,,,,,,,,,,,,,,,,,,,
Point,3.4378225,6.4273837,way/935412410,bank,yes,Diamond Bank,center,18,,,,,,,,,,,,,,,,,,,,,,,,,,,,,,,,,,,,,,,,,,,,,,,,,,,,,,,,,,,,,,,,,
Point,3.4399867,6.4281937,way/935412411,bank,yes,Diamond Bank,center,18,,,,,,,,,,,,,,,,,,,,,,,,,,,,,,,,,,,,,,,,,,,,,,,,,,,,,,,,,,,,,,,,,
Point,3.4384253,6.4282286,way/935412412,bank,yes,Diamond Bank,center,18,,,,,,,,,,,,,,,,,,,,,,,,,,,,,,,,,,,,,,,,,,,,,,,,,,,,,,,,,,,,,,,,,
Point,3.4382594,6.4282177,way/935412413,bank,yes,Diamond Bank,center,18,,,,,,,,,,,,,,,,,,,,,,,,,,,,,,,,,,,,,,,,,,,,,,,,,,,,,,,,,,,,,,,,,
Point,3.4406036,6.429004,way/935412414,bank,yes,Diamond Bank,center,18,,,,,,,,,,,,,,,,,,,,,,,,,,,,,,,,,,,,,,,,,,,,,,,,,,,,,,,,,,,,,,,,,
Point,3.4375191,6.4312056,way/935412415,bank,yes,Diamond Bank,center,18,,,,,,,,,,,,,,,,,,,,,,,,,,,,,,,,,,,,,,,,,,,,,,,,,,,,,,,,,,,,,,,,,
Point,3.4374762,6.429665,way/935412418,bank,yes,Diamond Bank,center,18,,,,,,,,,,,,,,,,,,,,,,,,,,,,,,,,,,,,,,,,,,,,,,,,,,,,,,,,,,,,,,,,,
Point,3.4379643,6.4300808,way/935412419,bank,yes,Diamond Bank,center,18,,,,,,,,,,,,,,,,,,,,,,,,,,,,,,,,,,,,,,,,,,,,,,,,,,,,,,,,,,,,,,,,,
Point,3.4378842,6.4298971,way/935412420,bank,yes,Diamond Bank,center,18,,,,,,,,,,,,,,,,,,,,,,,,,,,,,,,,,,,,,,,,,,,,,,,,,,,,,,,,,,,,,,,,,
Point,3.4399706,6.4298942,way/935412421,bank,yes,Diamond Bank,center,18,,,,,,,,,,,,,,,,,,,,,,,,,,,,,,,,,,,,,,,,,,,,,,,,,,,,,,,,,,,,,,,,,
Point,3.4395736,6.4300008,way/935412422,bank,yes,Diamond Bank,center,18,,,,,,,,,,,,,,,,,,,,,,,,,,,,,,,,,,,,,,,,,,,,,,,,,,,,,,,,,,,,,,,,,
Point,3.4396273,6.4297183,way/935412423,bank,yes,Diamond Bank,center,18,,,,,,,,,,,,,,,,,,,,,,,,,,,,,,,,,,,,,,,,,,,,,,,,,,,,,,,,,,,,,,,,,
Point,3.4389299,6.4297236,way/935412424,bank,yes,Diamond Bank,center,18,,,,,,,,,,,,,,,,,,,,,,,,,,,,,,,,,,,,,,,,,,,,,,,,,,,,,,,,,,,,,,,,,
Point,3.4392357,6.429713,way/935412425,bank,yes,Diamond Bank,center,18,,,,,,,,,,,,,,,,,,,,,,,,,,,,,,,,,,,,,,,,,,,,,,,,,,,,,,,,,,,,,,,,,
Point,3.4391069,6.4287215,way/935412426,bank,yes,Diamond Bank,center,18,,,,,,,,,,,,,,,,,,,,,,,,,,,,,,,,,,,,,,,,,,,,,,,,,,,,,,,,,,,,,,,,,
Point,3.438887,6.4287215,way/935412427,bank,yes,Diamond Bank,center,18,,,,,,,,,,,,,,,,,,,,,,,,,,,,,,,,,,,,,,,,,,,,,,,,,,,,,,,,,,,,,,,,,
Point,3.4388977,6.4291426,way/935412428,bank,yes,Diamond Bank,center,18,,,,,,,,,,,,,,,,,,,,,,,,,,,,,,,,,,,,,,,,,,,,,,,,,,,,,,,,,,,,,,,,,
Point,3.4387207,6.4290893,way/935412429,bank,yes,Diamond Bank,center,18,,,,,,,,,,,,,,,,,,,,,,,,,,,,,,,,,,,,,,,,,,,,,,,,,,,,,,,,,,,,,,,,,
Point,3.4390721,6.4307684,way/935412430,bank,yes,Diamond Bank,center,18,,,,,,,,,,,,,,,,,,,,,,,,,,,,,,,,,,,,,,,,,,,,,,,,,,,,,,,,,,,,,,,,,
Point,3.4236129,6.4303046,way/1002110432,bank,yes,Unity,center,,,,,,,,,,,,,,,,,,,,,,,,,,,,,,,,,,,,,,,,,,,,,,,,,,,,,,,,,,,,,,,,,,
Point,3.4235332,6.4299069,way/1002110433,bank,yes,UBA,center,,,,,UBA,Q513457,,,,,,,,en:United Bank for Africa,,,,,,,,,,,,,,United Bank for Africa,,,,,,,,,,,,,,,,,,,,,,,,,,,,,,,,,,,,,,
Point,3.3875852,6.4626194,node/1366137196,bank,,First Bank of Nigeria,,,,,,,,,,,,,,,,,,,,,,,,,,,,,,,,,,,,,,,,,,,,,,,,,,,,,,,,,,,,,,,,,,,
Point,3.3852892,6.4539469,node/1366137199,bank,,GT Bank,,,,,,,,,,,,,,,,,,,,,,,,,,,,,,,,,,,,,,,,,,,,,,,,,,,,,,,,,,,,,,,,,,,
Point,3.4138862,6.417244,way/1466323431,bank,yes,,center,,,,,,,,,,,,,,,,,,,,,,,,,,,,,,,5,,,,,,,,,,,,,,,,,,,,,,,,,,,,,,,,,,,
Point,3.440479,6.430183,node/1513600882,bank,,Enterprise Bank,,,,,,,,,,,,,,,,,,,,,,,,,,,,,,,,,,,,,,,,,,,,,,,,,,,,,,,,,,,,,,,,,,,
Point,3.4362651,6.4308749,node/1513600887,bank,,Zenith Bank,,,,,,,Q5978240,,,,,,,,en:Zenith Bank,,,,,,,,,,,,,,,,,,,,,,,,,,,,,,,,,,,,,,,,,,,,,,,,,,,,
Point,3.3792763,6.4979726,node/1513671686,bank,,GT Bank,,,Lagos,Herbert Macaulay Way,,GT Bank,Q579747,,,,,,,,,,,,,,,,,,,,,,Guaranty Trust Bank,,,,,,,,,,,,,,,,,,,,,,,,,,,,,,,,,,,,,,
Point,3.7056583,6.4703151,node/1637149681,bank,,,,,,,,,,,,,,,,,,,,,,,,,,,,,,,,,,,,,,,,,,,,,,,,,,,,,,,,,,,,,,,,,,,,,
Point,3.3493146,6.6063636,node/2197600001,bank,,,,,,,,,,,,,,,,,,,,,,,,,,,,,,,,,,,,,,,,,,,,,,,,,,,,,,,,,,,,,,,,,,,,,
Point,3.4221,6.428969,node/2329099786,bank,,First Bank Adeola Odeku,,,Lagos,Adeola Odeku Street,,,,https://www.firstbanknigeria.com/,50,106104,,,,,,,,,,,,FirstBank,,,,,,,,,,,,,,,,,,,,,,,,,,,,,,,,,,,,,,,,,,,,,
Point,3.4273732,6.4457125,node/2330823961,bank,,,,,,,,,,,,,,,,,,,,,,,,Skye Bank,,,,,,,,,,,,,,,,,,,,,,,,,,,,survey,,,,,,,,,,,,,,,,,
Point,-8.6745647,37.1063727,node/2403498543,bank,,BPI,,,,Avenida dos Descobrimentos,,Banco Português de Investimento,Q537886,,39,8600-645,yes,Lagos,,,pt:Banco Português de Investimento,,,,,,,Banco Português de Investimento,Q537886,pt:Banco Português de Investimento,,,,,Banco Português de Investimento,,,,,,,,,,,,2026-04-13,,,,,,,,,,,,,,,,,,,,,,,,,,
Point,3.299247,6.623183,node/2417746533,bank,,First Bank,,,,,,,,,,,yes,,,,,,,,,,,,,,,,,,,,,,,,,,,,,,,,,,,,,,,,,,,,,,,,,,,,,,,,
Point,-8.7306587,37.0859822,node/2937030133,bank,,Crédito Agrícola,,,,,,Crédito Agrícola,Q10262017,,,,yes,,,,pt:Crédito Agrícola,,,,,,Mo-Fr 09:00-15:00,Crédito Agrícola,Q10262017,pt:Crédito Agrícola,,,,,,,,,,,,,,,,,,,,,,,,,,,Caixa de Crédito Agrícola,yes,,,,,,,,,,,,,,,
Point,3.2951935,6.4660304,node/2987186865,bank,,UBA,,,,,,UBA,Q513457,,,,,,,,,,,,,,,,,,,,,,United Bank for Africa,,,,,,,,,,,,,,,,,,,,,,,,,,,,,,,,,,,,,,
Point,3.2949012,6.4665221,node/2987186866,bank,,Oceanic Bank,,,,,,,,,,,,,,,,,,,,,,,,,,,,,,,,,,,,,,,,,,,,,,,,,,,,,,,,,,,,,,,,,,,
Point,-8.673078,37.0965681,node/3699700367,bank,,Banco Montepio,,,,,,Banco Montepio,Q1946091,,,,,Geral,,,pt:Banco Montepio,,,,,,,Associação Mutualista Montepio,Q1946091,pt:Banco Montepio,,,,,,,,,,,,,,,,,,,,,,,,,,,,,,,,,,,,,,,,,,,
Point,3.3913882,6.5580621,node/3971455464,bank,,UBA,,,,,,,,,,,yes,,,,,,,,,,Mo-Fr 08:00-16:00,,,,,,,,,,,,,,,,,,,,,,,,,,,,,,,,,,,,,,,,,,,,,,
Point,3.3841149,6.4520764,node/4029270073,bank,,Tarkwabay,,,,,,,,,,,,,,,,,,,,,,,,,,,,,,,,,,,,,,,,,,,,,,,,,,,,,,,,,,,,,,,,,,,
Point,3.460188,6.4461444,node/4193728426,bank,,First bank Nigeria Plc,,,Lekki lagos,Admiralty Way,,,,,,,yes,,,,,,,,,,Mo-Fr 08:00-16:00,,,,,,,,,,,,,,,,,no,,,,,,,,,,,,,,,,,,,,,,,,,,,,,
Point,-8.6749897,37.1069858,node/4219811640,bank,,Novo Banco,,,Lagos,Avenida dos Descobrimentos,,Novo Banco,Q17488861,,43,8600-645,yes,,,,pt:Novo Banco,,,,+351 282763021,,,Novo Banco,Q17488861,pt:Novo Banco,B0358,,,,,,,,,,,,,,,,2024-09-05,,,,,,,,,,,,+351 282763326,Banco Espírito Santo,BES,Lagos,,,,,,,,,,,
Point,-8.6804713,37.1070994,node/4228741829,bank,,Millennium bcp,,,,,,Millennium bcp,Q118581,,,,yes,,,,pt:Banco Comercial Português,,,,,,,Banco Comercial Português,Q118581,pt:Banco Comercial Português,,,,,Banco Comercial Português,,,,,,,,,,,,2026-04-26,,,,,,,,,,,yes,,,,,,,,,,,,,,,
Point,-8.6811643,37.1062954,node/4228745916,bank,,EuroBic,,,,,BIC,EuroBic,Q806175,,,,no,,,,pt:EuroBic,,,,,,,Abanca,Q9598744,en:Abanca,,,,,,,,,,,,,,,,,,,,,,,,,,,,,,,,,,,,,,,,,,,
Point,3.3693482,6.4411079,node/4413083289,bank,,,,,,,,,,,,,,,,,,,,,,,,,,,,,,,,,,,,,,,,,,,,,,,,,,,,,,,,,,,,,,,,,,,,,
Point,-8.6765419,37.0974318,node/4563509063,bank,,Caixa Geral de Depósitos,,,,,,Caixa Geral de Depósitos,Q1026044,,,,,,,https://www.cgd.pt/,pt:Caixa Geral de Depósitos,,,,,,,Caixa Geral de Depósitos,Q1026044,pt:Caixa Geral de Depósitos,,CGD,,,,,,,,,,,,,,,,,,,,,,,,,,,,,,,,,,,,,,,,,
Point,3.5000907,6.6242763,node/4583157091,bank,,First bank of nigeria,,,,Ikorodu Road,,,,,,,,,,,,,,,,,,,,,,,,,,,,,,,,,,,,,,,,,,,,,,,,,,,,,First bank of nigeria,,,,,,,,,,
Point,3.4010634,6.4509459,node/4721730856,bank,,ADDOSSER Micro finance Bank,,,,Lewis Street,,,,https://addosser.com/,32,,,,,,,,,,,,,,,,,,,,,,,,,,,,,,,,,,,,,,,,,,,,,,,,,Micro Finance Institution,,,,,,,,,
Point,3.4510334,6.4363724,node/5142959401,bank,,Stanbic Bank,,,,,,Stanbic Bank,Q7597999,,,,,,,,,,,,,,,,,,,,,,,,,,,,,,,,,,,,,,,,,,,,,,,,,,,,,,,,,,,,
Point,3.4510316,6.4365043,node/5142959402,bank,,Standard Chartered,,,,,,Standard Chartered,Q548278,,,,,,,,,,,,,,,,,,,,,,,,,,,,,,,,,,,,,,,,,,,,,,,,,,,,,,,,,,,,
Point,3.4562054,6.4379947,node/5371377212,bank,,Skye Bank,,,,,,,,,,,,,,,,,,,,,,,,,,,,,,,,,,,,,,,,,,,,,,,,,,,,,,,,,,,,,,,,,,,
Point,3.4561908,6.4379013,node/5371377213,bank,,Moneytrust Microfinance,,,,,,,,,,,,,,,,,,,,,,,,,,,,,,,,,,,,,,,,,,,,,,,,,,,,,,,,,,,,,,,,,,,
Point,3.432198,6.4385344,node/5649641155,bank,,GT Bank,,,,,,,,,,,,,,,,,,,,,,,,,,,,,,,,,,,,,,,,,,,,,,,,,,,,,,,,,,,,,,,,,,,
Point,3.3267536,6.5524796,node/5665683273,bank,,Standard Chartered,,,,,,,,,,,,,,,,,,,,,,,,,,,,,,,,,,,,,,,,,,,,,,,,,,,,,,,,,,,,,,,,,,,
Point,3.327939,6.5523269,node/5665683274,bank,,Ecobank,,,,,,,,,,,,,,,,,,,,,,,,,,,,,,,,,,,,,,,,,,,,,,,,,,,,,,,,,,,,,,,,,,,
Point,3.3289774,6.552631,node/5665683275,bank,,Zenith,,,,,,,,,,,,,,,,,,,,,,,,,,,,,,,,,,,,,,,,,,,,,,,,,,,,,,,,,,,,,,,,,,,
Point,3.3275547,6.5454928,node/5665683277,bank,,Diamond,,,,,,,,,,,,,,,,,,,,,,,,,,,,,,,,,,,,,,,,,,,,,,,,,,,,,,,,,,,,,,,,,,,
Point,3.2755725,6.5444516,node/5665683283,bank,,Union,,,,,,,,,,,,,,,,,,,,,,,,,,,,,,,,,,,,,,,,,,,,,,,,,,,,,,,,,,,,,,,,,,,
Point,3.4267529,6.4335596,node/5675846430,bank,,UBA,,,,,,UBA,Q513457,,,,,,,,,,,,,,,,,,,,,,United Bank for Africa,,,,,,,,,,,,,,,,,,,,,,,,,,,,,,,,,,,,,,
Point,3.2945057,6.5397164,node/5678239342,bank,,Ecobank,,,,,,,,,,,,,,,,,,,,,,,,,,,,,,,,,,,,,,,,,,,,,,,,,,,,,,,,,,,,,,,,,,,
Point,3.3050624,6.5371724,node/5678239344,bank,,,,,,,,,,,,,,,,,,,,,,,,,,,,,,,,,,,,,,,,,,,,,,,,,,,,,,,,,,,,,,,,,,,,,
Point,3.3316508,6.5489777,node/5678239346,bank,,UBA,,,,,,,,,,,,,,,,,,,,,,,,,,,,,,,,,,,,,,,,,,,,,,,,,,,,,,,,,,,,,,,,,,,
Point,3.3282205,6.5557348,node/5678239437,bank,,Access Bank,,,,,,Access Bank,Q4672418,,,,yes,,,,,,,,,,,,,,,,,,,,,,,,,,,,,,,,,,,,,,,,,,,,,,,,,,,,,,,,
Point,3.2423141,6.5517477,node/5678246023,bank,,Stanbic,,,,,,,,,,,,,,,,,,,,,,,,,,,,,,,,,,,,,,,,,,,,,,,,,,,,,,,,,,,,,,,,,,,
Point,3.3996787,6.5197506,node/6122566945,bank,,United Bank of Africa,,,,,,,,,,,,,,,,,,,,,,,,,,,,,,,,,,,,,,,,,,,,,,,,,,,,,,,,,,,,,,,,,,,
Point,3.3655018,6.6401533,node/6124733445,bank,,GTBank,,,,,,,,,,,yes,,,,,,,,,,Mo-Fr 8:00-4:00,,,,,,,,,,,,,,,,,,,,,,,,,,,,,,,,,,,,,,,,,,,,,,
Point,3.3660623,6.6402679,node/6124733446,bank,,Zenith Bank,,,,,,,,,,,yes,,,,,,,,,,Mo-Fr 08:00-04:00,,,,,,,,,,,,,,,,,,,,,,,,,,,,,,,,,,,,,,,,,,,,,,
Point,3.3677548,6.6401507,node/6124733447,bank,,First Bank,,,,,,,,,,,yes,,,,,,,,,,Mo-Fr 08:00-04:00,,,,,,,,,,,,,,,,,,,,,,,,,,,,,,,,,,,,,,,,,,,,,,
Point,3.2607573,6.5378111,node/6137329002,bank,,First Bank,,,Ikotun,,,,,,,,,,,,,,,,,,,,,,,,,,,,,,,,,,,,,,,,,,,,,,,,,,,,,,,,,,,,,,,,
Point,3.5178649,6.5896733,node/6371384380,bank,,Sterling Bank,,,,,,,,,,,yes,,,,,,,,,,,,,,,,,,,,,,,,,,,no,,,,,,,,,,,,,,,,,,,,,,,,,,,,,
Point,3.5051664,6.6127111,node/6371454786,bank,,First Bank,,,,,,,,,,,yes,,,,,,,,,,,,,,,,,,,,,,,,,,,no,,,,,,,,,,,,,,,,,,,,,,,,,,,,,
Point,3.5017192,6.6147884,node/6371454792,bank,,GTBank,,,,,,,,,,,,,,,,,,,,,,,,,,,,,,,,,,,,,,,,,,,,,,,,,,,,,,,,,,,,,,,,,,,
Point,3.4983053,6.6085814,node/6371454797,bank,,Polaris bank,,,,,,,,,,,yes,,,,,,,,,,,,,,,,,,,,,,,,,,,,,,,,,,,,,,,,,,,,,,,,,,,,,,,,
Point,3.4292546,6.4436426,node/6916758460,bank,,Zenith Bank,,,,,,Zenith Bank,Q5978240,,,,,,,,,,,,,,,,,,,,,,,,,,,,,,,,,,,,,,,,,,,,,,,,,,,,mapillary,,,,,,,,
Point,3.4294192,6.4436807,node/6916758478,bank,,Ecobank,,,,,,Ecobank,Q930225,,,,,,,,,,,,,,,,,,,,,,,,,,,,,,,,,,,,,,,,,,,,,,,,,,,,mapillary,,,,,,,,
Point,3.4370923,6.4347201,node/6916860487,bank,,UBA,,,Lagos,Bishop Aboyade Cole Street,UBA Aboyade Cole,UBA,,,35,,yes,,,,,,,,,,,,,,,,,,,,,,,,,https://www.ubagroup.com/nigeria/help/aboyade-cole/,,,,,,,,,,,,,,,,,,,,,,,mapillary,,,,,,,,
Point,3.383046,6.5872741,node/6948925322,bank,,Union Bank,,,,,,,,,,,,,,,,,,,,,,Union Bank of Nigeria,,,,,,,,,,,,,,,,,,,,,,,,,,,,,,,,,,,,,,,,,,,,,
Point,3.3673209,6.5573555,node/6967079647,bank,,UBA,,,,,,UBA,Q513457,,,,,,,,en:United Bank for Africa,,,,,,,,,,,,,,,,,,,,,,,,,,,,,,,,,,,,,,,,,,,,,,,,,,,,
Point,3.3663878,6.5718285,node/6967294263,bank,,Wema Bank,,,,,,,,,,,,,,,,,,,,,,,,,,,,,,,,,,,,,,,,,,,,,,,,,,,,,,,,,,,,,,,,,,,
Point,3.3456443,6.5537018,node/6967655771,bank,,Diamond,,,,,,,,,,,,,,,,,,,,,,,,,,,,,,,,,,,,,,,,,,,,,,,,,,,,,,,,,,,,,,,,,,,
Point,3.3461504,6.5538544,node/6967655773,bank,,Zenith Bank,,,,,,Zenith Bank,Q5978240,,,,,,,,en:Zenith Bank,,,,,,,,,,,,,,,,,,,,,,,,,,,,,,,,,,,,,,,,,,,,,,,,,,,,
Point,3.3464909,6.5540319,node/6967655775,bank,,AB Microfinance Bank,,,,,,,,https://www.ab-mfbnigeria.com/,,,,,,,,,,,,,,,,,,,,,,,,,,,,,,,,,,,,,,,,,,,,,,,,,,,,,,,,,,,
Point,3.346663,6.5540968,node/6967655776,bank,,Heritage Bank,,,,,,,,https://www.hbng.com/,,,,,,,,,,,,,,,,,,,,,,,,,,,,,,,,,,,,,,,,,,,,,,,,,,,,,,,,,,,
Point,3.3437365,6.5528537,node/6967737935,bank,,Fidelity Bank,,,,,,Fidelity Bank,Q5446777,,,,,,,,en:Fidelity Bank Nigeria,,,,,,,,,,,,,,,,,,,,,,,,,,,,,,,,,,,,,,,,,,,,,,,,,,,,
Point,3.3435387,6.5527831,node/6967737936,bank,,Access Bank,,,,,,Access Bank,Q4672418,,,,,,,,en:Access Bank plc,,,,,,,,,,,,,,,,,,,,,,,,,,,,,,,,,,,,,,,,,,,,,,,,,,,,
Point,3.343374,6.5526915,node/6967737937,bank,,UBA,,,,,,UBA,Q513457,,,,,,,,en:United Bank for Africa,,,,,,,,,,,,,,,,,,,,,,,,,,,,,,,,,,,,,,,,,,,,,,,,,,,,
Point,3.2837897,6.5824001,node/6969836706,bank,,GTBank,,,,,,,,,,,,,,,,,,,,,,,,,,,,,,,,,,,,,,,,,,,,,,,,,,,,,,,,,,,,,,,,,,,
Point,3.3920117,6.6049133,node/6991204631,bank,,GTBank,,,,,,,,,,,,,,,,,,,,,,,,,,,,,,,,,,,,,,,,,,,,,,,,,,,,,,,,,,,,,,,,,,,
Point,3.3460822,6.613036,node/6992566358,bank,,Zenith Bank,,,,,,Zenith Bank,Q5978240,,,,,,,,en:Zenith Bank,,,,,,,,,,,,,,,,,,,,,,,,,,,,,,,,,,,,,,,,,,,,,,,,,,,,
Point,3.3424556,6.6249309,node/6992566426,bank,,Union Bank,,,,,,,,,,,,,,,,,,,,,,,,,,,,,,,,,,,,,,,,,,,,,,,,,,,,,,,,,,,,,,,,,,,
Point,3.3429308,6.62441,node/6992566427,bank,,UBA,,,,,,UBA,Q513457,,,,,,,,en:United Bank for Africa,,,,,,,,,,,,,,,,,,,,,,,,,,,,,,,,,,,,,,,,,,,,,,,,,,,,
Point,3.3062737,6.6100497,node/6997541303,bank,,UBA,,,,,,UBA,Q513457,,,,,,,,en:United Bank for Africa,,,,,,,,,,,,,,,,,,,,,,,,,,,,,,,,,,,,,,,,,,,,,,,,,,,,
Point,3.3064178,6.6109495,node/6997541308,bank,,Wema Bank,,,,,,,,,,,,,,,,,,,,,,,,,,,,,,,,,,,,,,,,,,,,,,,,,,,,,,,,,,,,,,,,,,,
Point,3.3111407,6.6090184,node/7000953277,bank,,Fidelity Bank,,,,,,Fidelity Bank,Q5446777,,,,,,,,en:Fidelity Bank Nigeria,,,,,,,,,,,,,,,,,,,,,,,,,,,,,,,,,,,,,,,,,,,,,,,,,,,,
Point,3.5032557,6.6175447,node/7267104676,bank,,Accion,,,,,,,,,,,,,,,,,,,,,,,,,,,,,,,,,,,,,,,,,,,,,,,,,,,,,,,,,,,,,,,,,,,
Point,3.4947665,6.6246497,node/7272034331,bank,,Stanbic Bank,,,,,,Stanbic Bank,Q7597999,,,,,,,,en:Stanbic Bank,,,,,,,,,,,,,,,,,,,,,,,,,,,,,,,,,,,,,,,,,,,,,,,,,,,,
Point,3.4800991,6.6420198,node/7274712145,bank,,Crowned Eagle Microfinance Bank,,,,,,,,,,,,,,,,,,,,,,,,,,,,,,,,,,,,,,,,,,,,,,,,,,,,,,,,,,,,,,,,,,,
Point,3.4830462,6.6305197,node/7281004013,bank,,Accion Microfinance Bank,,,,,,,,,,,,,,,,,,,,,,,,,,,,,,,,,,,,,,,,,,,,,,,,,,,,,,,,,,,,,,,,,,,
Point,3.3611718,6.5251316,node/7317242741,bank,,Ecobank,,,,,,Ecobank,Q930225,,,,,,,,en:Ecobank,,,,,,,,,,,,,,,,,,,,,,,,,,,,,,,,,,,,,,,,,,,,,,,,,,,,
Point,3.3402697,6.6313954,node/7480505645,bank,,Ecobank,,,,,,Ecobank,Q930225,,,,,,,,en:Ecobank,,,,,,,,,,,,,,,,,,,,,,,,,,,,,,,,,,,,,,,,,,,,,,,,,,,,
Point,3.3808872,6.5330755,node/7843612337,bank,,Access Bank,,,"Somolu, Lagos",Odunlami Street,,Access Bank,Q4672418,,,100231,yes,,,,en:Access Bank plc,,,,,,Mo-Fr 08:00-17:00,Access Bank Group,,,,,,,,,,,,,,,,yes,,,,,,,,,,,,,,,,,,,,,,,,,,,,,
Point,3.3751071,6.5279381,node/9321175417,bank,,Polaris Bank,,,,,,,,,,,yes,,,,,,,,,,,,,,,,,,,,,,,,,,,,,,,,,,,,,,,,,limited,,,,,,,,2022-05-05,,,,,,,
Point,3.3711594,6.5209857,node/9400295917,bank,,FirstBank Nig. Plc,,,,,,,,,,,yes,,,,,,,,,,Tu 08:00-16:00,,,,,,,,,,,,,,,,,no,,,,,,,,,,,,,,yes,,,,,,,,2022-01-07,,,,,,,
Point,3.3426914,6.59318,node/9653831274,bank,,Polaris Bank Limited,,,Ikeja,Kodesoh Street,,,,,,,yes,,,,,,,,,,Mo-Sa 08:00-18:00,,,,,,,,,,,,,,,,,,,,,,,,,,,,,,,,,,,,,,,,,,,,,,
Point,3.3757771,6.492994,node/9932502817,bank,,,,,,,,,,,,,,,,,,,,,,,,,,,,,,,,,,,,,,,,,,,,,,,,,,,,,,,,,,,,,,,,,,,,,
Point,3.6293152,6.4731672,node/11121944339,bank,,Stanbic Ibtc Bank Plc,,,,,,,,,,,,,,,,,,,,,,,,,,,,,,,,,,,,,,,,,,,,,,,,,,,,,,,,,,,,,,,,,,,
Point,3.6290261,6.4722651,node/11121944340,bank,,FCMB LEKKI CHEVRON BRANCH,,,,,,,,,,,,,,,,,,,,,,,,,,,,,,,,,,,,,,,,,,,,,,,,,,,,,,,,,,,,,,,,,,,
Point,-8.6560751,37.1492418,node/11263343697,bank,,Crédito Agrícola,,,,,,Crédito Agrícola,Q10262017,,,,,,,,pt:Crédito Agrícola,,,,,,,Crédito Agrícola,Q10262017,pt:Crédito Agrícola,,,,,,,,,,,,,,,,,2025-02-08,,,,,,,,,,Caixa de Crédito Agrícola,,,,,,,,,,,,,,,,
Point,3.411897,6.610668,node/12281540364,bank,,Sterling Bank,,,,,,,,,,,,,,,,,,,,,,private/individual,,,,,,,,,,,,,,,,,,,,,,,,,,,,,,,,,,,,,,,private/individual,gps,functional,,,,
Point,3.3972973,6.5186599,node/13024020870,bank,,"EcoBank, Unilag Branch.",,,Lagos,"Unilag Bookshop Building, University of Lagos, Nigeria.",,,,,,100272,yes,Unilag,,,,,,,,,Mo-Fr 08:00-17:00,,,,,,,,,,,,,,07041450800,,,no,,,,,,,,,,,,,,,,,,,,,,,,,,,,,
Point,3.3978353,6.5171228,node/13111316582,bank,,GT Bank,,,Lagos,Tafawa Balewa Way,,GT Bank,Q579747,,,,yes,,,,,,,,,,Mo-Fr 09:00-17:00,,,,,,,,Guaranty Trust Bank,,,,,,,,,yes,,,,,,,,,,,,,,,,,,,,,,,,,,,,,
Point,3.3907735,6.5127916,node/13111316587,bank,,First Bank,,,,Ransome Kuti Road,,,,,,,yes,,,,,,,,,,Mo-Fr 09:00-17:00,,,,,,,,,,,,,,,,,yes,,,,,,,,,,,,,,,,,,,,,,,,,,yes,yes,yes,yes
