geom_type,lon,lat,@id,building,check_date,name,stars,tourism,@geometry,addr:housename,addr:city,addr:postcode,addr:street,contact:phone,contact:website,landuse,air_conditioning,bar,brand,brand:wikidata,contact:facebook,contact:instagram,description,email,image,internet_access,internet_access:fee,opening_hours,operator,payment:credit_cards,payment:debit_cards,phone,reservation,rooms,smoking,source,website,wheelchair,wikidata,addr:housenumber,height,check_date:internet_access,breakfast,swimming_pool,building:part,alt_name,name:en,name:zh,brand:wikipedia,start_date,wikipedia,access,leisure,amenity,park_ride,parking,supervised,surface,addr:country,building:levels,addr:state,payment:american_express,payment:cash,payment:cheque,payment:mastercard,payment:visa,contact:email,contact:fax,contact:mobile,layer,payment:diners_club,payment:discover_card,payment:maestro,payment:visa_electron,note,addr:place,name:nl,name:pt,internet_access:ssid,facility_manager,source:position,status,facility_use,users_PLWD,users_boy,users_elderly,users_female,users_girl,users_men,accommodation
Point,-8.6727105,37.1110671,way/92717404,yes,2026-04-06,Marina Club,4,hotel,center,,,,,,,,,,,,,,,,,,,,,,,,,,,,,,,,,,,,,,,,,,,,,,,,,,,,,,,,,,,,,,,,,,,,,,,,,,,,,,,,,
Point,-8.6725998,37.1116734,way/92717630,yes,,Marina Club,4,hotel,center,,,,,,,,,,,,,,,,,,,,,,,,,,,,,,,,,,,,,,,,,,,,,,,,,,,,,,,,,,,,,,,,,,,,,,,,,,,,,,,,,
Point,-8.6731895,37.1115185,way/92717632,yes,2026-05-02,Marina Club,4,hotel,center,Edifício Estibordo,,,,,,,,,,,,,,,,,,,,,,,,,,,,,,,,,,,,,,,,,,,,,,,,,,,,,,,,,,,,,,,,,,,,,,,,,,,,,,,,
Point,-8.676625,37.0893679,way/94840403,,,,,hotel,center,,,,,,,,,,,,,,,,,,,,,,,,,,,,,,,,,,,,,,,,,,,,,,,,,,,,,,,,,,,,,,,,,,,,,,,,,,,,,,,,,
Point,-8.673635,37.0943697,way/95029170,yes,,Aqualuz Suite Hotel Apartamentos,,hotel,center,,,,,,,,,,,,,,,,,,,,,,,,,,,,,,,,,,,,,,,,,,,,,,,,,,,,,,,,,,,,,,,,,,,,,,,,,,,,,,,,,
Point,-8.673063,37.0943896,way/95029174,yes,,Aqualuz Suite Hotel Apartamentos,,hotel,center,,,,,,,,,,,,,,,,,,,,,,,,,,,,,,,,,,,,,,,,,,,,,,,,,,,,,,,,,,,,,,,,,,,,,,,,,,,,,,,,,
Point,-8.6734681,37.0948563,way/95029176,yes,,Aqualuz Suite Hotel Apartamentos,,hotel,center,,,,,,,,,,,,,,,,,,,,,,,,,,,,,,,,,,,,,,,,,,,,,,,,,,,,,,,,,,,,,,,,,,,,,,,,,,,,,,,,,
Point,-8.7000494,37.184664,way/95671943,,,Monte da Bravura Green Resort,,hotel,center,,Bensafrim,8600-077,Cortifo,+351282688175,http://www.montedabravura.com/,commercial,,,,,,,,,,,,,,,,,,,,,,,,,,,,,,,,,,,,,,,,,,,,,,,,,,,,,,,,,,,,,,,,,,,,,,,,,,
Point,-8.6858362,37.0892609,way/96587139,yes,,Lagos Atlantic Hotel,,hotel,center,,,,,,,,,,,,,,,,,,,,,,,,,,,,,,,,,,,,,,,,,,,,,,,,,,,,,,,,,,,,,,,,,,,,,,,,,,,,,,,,,
Point,-8.6520719,37.1186975,way/158077041,hotel,,Iberostar Selection Lagos Algarve,5,hotel,center,,São Gonçalo de Lagos,8600-315,Estrada da Meia Praia,,,,yes,yes,Iberostar Hotels & Resorts,Q2035939,https://www.facebook.com/IberostarLagosAlgarve/,https://www.instagram.com/iberostar/,"The Iberostar Selection Lagos Algarve is 5-star family hotel located on Meia Praia beach with a wide range of services including spa area, All Inclusive board, fitness room, outdoor and indoor swimming pools, animation, free Wi-Fi and comfort rooms.",lagos.algarve@iberostar.com,https://apiimg.iberostar.com/uploads/image/45650/crops/1366:797/1366/image.jpeg,yes,no,24/7,IBEROSTAR Hotels & Resorts,yes,yes,+351 282 244 000,yes,220,outside,local knowledge;www.iberostar.com,https://www.iberostar.com/en/hotels/algarve/iberostar-lagos-algarve/,yes,Q111408748,,,,,,,,,,,,,,,,,,,,,,,,,,,,,,,,,,,,,,,,,,,,,,,,,,,
Point,-8.7390508,37.0835887,way/238533675,yes,,Hotel Villa Luz,,hotel,center,,"Praia da Luz, Lagos",8600-119,Ponta da Gaivota,,,,,,,,,,,,,,,,,,,+351 282 771 110,,,,,https://www.vila-luz.com/,,,66,,,,,,,,,,,,,,,,,,,,,,,,,,,,,,,,,,,,,,,,,,,,,,,,,,
Point,3.5300315,6.4429206,way/304931116,yes,,Marco Polo Hotel,,hotel,center,,,,,,,,,,,,,,,,,,,,,,,,,,,,,,,,15,,,,,,,,,,,,,,,,,,,,,,,,,,,,,,,,,,,,,,,,,,,,,,,,,
Point,-8.7250328,37.0896065,node/339159720,,,Luz Bay Club,4,hotel,,,,,,,,,,,,,,,,geral@luzbayhotel.pt,,wlan,yes,,,,,+351 282789640,,73,,,http://www.luzbayhotel.pt/,,,,,2026-03-31,,,,,,,,,,,,,,,,,,,,,,,,,,,,,,,,,,,,,,,,,,,,,,,,
Point,-8.6743109,37.1012856,way/374921961,yes,,Bowen Luxury Suites,,hotel,center,,Lagos,8600-685,Rua da Amêndoeira,,,,,,,,,,,,,,,,,,,+351 282 185 723,,,,,,,,47,,,,,,,,,,,,,,,,,,,,,,,,,,,,,,,,,,,,,,,,,,,,,,,,,,
Point,-8.6709138,37.0976937,way/374956413,yes,2026-04-16,Baluarte da Vila Apartments,,hotel,center,,Lagos,8600-518,Largo Santa Maria da Graça,,,,,,,,,,,,,wlan,no,,,,,+351 911 873 540,,20,,,http://www.baluartedavila.com/,,,9,,,no,yes,,,,,,,,,,,,,,,,,,,,,,,,,,,,,,,,,,,,,,,,,,,,,,
Point,3.9471611,6.5875672,way/379367676,,,Epe Resort and Spa,,hotel,center,,,,,,,,,,,,,,,,,,,,,,,,,,,,,,,,,,,,,,,,,,,,,,,,,,,,,,,,,,,,,,,,,,,,,,,,,,,,,,,,,
Point,-8.6733822,37.1125291,node/418719768,,2023-10-19,Marina de São Roque,,hotel,,,,,,,,,,,,,,,,,,,,,,,,,,,,,,,,,,,,,,,,,,,,,,,,,,,,,,,,,,,,,,,,,,,,,,,,,,,,,,,,,,
Point,-8.6729166,37.1008127,node/418723899,,2026-04-14,Riomar,3,hotel,,,Lagos,,Rua Cândido dos Reis,,,,,,,,,,,,,,,,,,,,,,,,,,,83,,,,,,,,,,,,,,,,,,,,,,,,,,,,,,,,,,,,,,,,,,,,,,,,,,
Point,-8.6730488,37.1010738,node/418723900,,,Casa de São Gonçalo,5,hotel,,,,,,,,,,,,,,,,,,,,,,,,,,,,,,,,,,,,,,,,,,,,,,,,,,,,,,,,,,,,,,,,,,,,,,,,,,,,,,,,,,
Point,-8.7201287,37.0997964,way/463218353,,,Vila Valverde - Design & Country-Hotel,,hotel,center,,Lagos,8600-209,Estrada da Praia da Luz,,http://www.vilavalverde.com/,commercial,,,,,,,,,,wlan,,,,,,,,,,,,,,,,,,,,,,,,,,,,,,,,,,,,,,,,,,,,,,,,,,,,,,,,,,,,,,,,
Point,-8.684754,37.0864732,way/475254983,,,Clube Porto Mós,,hotel,center,,,,,,,,,,,,,,,,,,,,,,,,,,,,,,,,,,,,,,,,,,,,,,,,,,,,,,,,,,,,,,,,,,,,,,,,,,,,,,,,,
Point,3.430669,6.426987,way/502455175,yes,,Eko Signature,,hotel,center,,,,,,,,,,,,,,,,,,,,,,,,,,,,,,,,80,,,,yes,,,,,,,,,,,,,,,,,,,,,,,,,,,,,,,,,,,,,,,,,,,,,
Point,3.4375251,6.4392353,way/525377040,yes,,Maroko Bayshore Suites,,hotel,center,,Lagos,,Ozumba Mbadiwe Rd,,,,,,,,,,,,,,,,,,,,,,,,,,,20-24,30,,,,,,,,,,,,,,,,,,,,,,,,,,,,,,,,,,,,,,,,,,,,,,,,,
Point,3.4303155,6.429213,way/534108655,yes,,Eko Suites,,hotel,center,,,,,,,,,,,,,,,,,,,,,,,,,,,,,,,,40,,,,,,,,,,,,,,,,,,,,,,,,,,,,,,,,,,,,,,,,,,,,,,,,,
Point,3.4436777,6.431022,way/556872678,yes,,The Art Hotel,,hotel,center,,Lagos,,Chief Yesufu Abiodun Way,,,,,,,,,,,,,,,,,,,+234 916 610 5381,,,,,https://arthotelng.com/,,,13A,,,,,,,,,,,,,,,,,,,,,,,,,,,,,,,,,,,,,,,,,,,,,,,,,,
Point,3.3300808,6.5523152,way/560564784,yes,,Golden Tulip Essential Airport Hotel Lagos,,hotel,center,,Lagos,,International Airport Road,,,,,,,,,,,,,,,,,,,,,,,,,,,42/44,32,,,,,,,,,,,,,,,,,,,,,,,,,,,,,,,,,,,,,,,,,,,,,,,,,
Point,3.3295879,6.5524776,way/560564785,yes,,Max Royal Hotel & Suites,,hotel,center,,,,,,,,,,,,,,,,,,,,,,,,,,,,,,,,,,,,,,,,,,,,,,,,,,,,,,,,,,,,,,,,,,,,,,,,,,,,,,,,,
Point,3.4180743,6.4565832,way/560577489,yes,,Elion House Hotel,,hotel,center,,Lagos,,Agbeke Rotinwa Street,,,,,,,,,,,,,,,,,,,,,,,,,,,7/8,15,,,,,,,,,,,,,,,,,,,,,,,,,,,,,,,,,,,,,,,,,,,,,,,,,
Point,3.434137,6.4328774,way/560577506,yes,,Morning Side Suites and Spa Victoria Island,,hotel,center,,Lagos,,Etim Iyang Crescent,,,,,,,,,,,,,,,,,,,,,,,,,,,200C,15,,,,,,,,,,,,,,,,,,,,,,,,,,,,,,,,,,,,,,,,,,,,,,,,,
Point,3.445678,6.4536276,way/567150382,,,The Wheatbaker Hotel,,hotel,center,,Lagos,,Lawrence Road,,,commercial,,,,,,,,,,,,,,,,+234 1277 3560,,,,,https://thewheatbakerlagos.com/,,,4,,,,,,Wheatbaker Hotel,,,,,,,,,,,,,,,,,,,,,,,,,,,,,,,,,,,,,,,,,,,,
Point,3.4392898,6.4503492,way/567150388,,,La Cour Boutique Hotel,,hotel,center,,Lagos,,Femi Okunnu Road,,,commercial,,,,,,,,,,,,,,,,,,,,,,,,3,,,,,,,,,,,,,,,,,,,,,,,,,,,,,,,,,,,,,,,,,,,,,,,,,,
Point,3.4363936,6.4547165,way/567150407,,,The George Hotel,,hotel,center,,Lagos,,Lugard Avenue,,,commercial,,,,,,,,,,,,,,,,,,,,,,,,30,,,,,,,,,,,,,,,,,,,,,,,,,,,,,,,,,,,,,,,,,,,,,,,,,,
Point,3.4300825,6.4540372,way/567150424,,,Southern Sun Ikoyi,,hotel,center,,Lagos,,Alfred Rewane Road,,,commercial,,,,,,,,,,,,,Sun International,,,,,,,,,,,47,,,,,,,,,,,,,,,,,,,,,,,,,,,,,,,,,,,,,,,,,,,,,,,,,,
Point,3.4305218,6.454602,way/567150429,,,,,hotel,center,,,,Alfred Rewane Road,,,commercial,,,,,,,,,,,,,,,,,,,,,,,,,,,,,,,Golden Gate Hotel,金門大酒樓,,,,,,,,,,,,,,,,,,,,,,,,,,,,,,,,,,,,,,,,,,
Point,3.4243341,6.4543301,way/567150448,,,The Moorhouse Hotel,,hotel,center,,Lagos,,Bankole Oki Street,,,commercial,,,,,,,,,,,,,,,,,,,,,,,,1,,,,,,,,,,,,,,,,,,,,,,,,,,,,,,,,,,,,,,,,,,,,,,,,,,
Point,3.4291224,6.455127,way/567150458,,,Casa Lydia,,hotel,center,,Lagos,,Glover Road,,,commercial,,,,,,,,,,,,,,,,,,,,,,,,19,,,,,,,,,,,,,,,,,,,,,,,,,,,,,,,,,,,,,,,,,,,,,,,,,,
Point,3.4446252,6.436269,way/567150461,,,Lagos Oriental Hotel,,hotel,center,,Lagos,,Foreshore Road,,,commercial,,,,,,,,,,,,,,,,+234 702 696 00 65,,,,,http://www.lagosoriental.com/,,Q132673407,,,,,,,Lekki Oriental Hotel,,,,,,,,,,,,,,,,,,,,,,,,,,,,,,,,,,,,,,,,,,,,
Point,3.4228473,6.4348921,way/567150463,,,The Lagos Continental Hotel,,hotel,center,,Lagos,,Kofo Abayomi Road,,,commercial,,,,,,,,,,,,,,,,,,,,,,,Q111408940,52,,,,,,,,,,,,,,,,,,,,,,,,,,,,,,,,,,,,,,,,,,,,,,,,,,
Point,3.4431444,6.4334735,way/567150464,,,Four Points by Sheraton Lagos,,hotel,center,,Lagos,,Prince Alabe Abiodun Oniru Road,,,commercial,,,,,,,,,,,,,,,,+234 1 448 9444,,,,,,,,9/10,,,,,,,,,,,,,,,,,,,,,,,,,,,,,,,,,,,,,,,,,,,,,,,,,,
Point,3.4388345,6.4310225,way/567150465,,,Victoria Crown Plaza Hotel,,hotel,center,,Lagos,,Ajose Adeogun Street,,,commercial,,,,,,,,,,,,,,,,+234 703 188 1523,,,,,https://vcphotels.com/,,,292B,,,,,,VCP Hotel,,,,,,,,,,,,,,,,,,,,,,,,,,,,,,,,,,,,,,,,,,,,
Point,3.4154307,6.4264138,way/567150466,,,The Blowfish Hotel,,hotel,center,,Lagos,,Oju Olobun Close,,,commercial,,,,,,,,,,,,,,,,,,,,,https://theblowfishgroup.com/hotel/,,Q111871548,17,,,,,,,,,,,,,,,,,,,,,,,,,,,,,,,,,,,,,,,,,,,,,,,,,,
Point,3.4386772,6.4247673,way/567150467,,,Protea Hotel Lagos Kuramo Waters,,hotel,center,,,,Kuramo Waters Close,,,commercial,,,Protea Hotel,Q17092570,,,,,,,,,,,,,,,,,,,,,,,,,,,,,,,,,,,,,,,,,,,,,,,,,,,,,,,,,,,,,,,,,,,,,,
Point,3.4586808,6.428603,way/567150468,,,Arirang Hotel,,hotel,center,,Lagos,,T.F. Kuboye Road,,,commercial,,,,,,,,,,,,,,,,,,,,,,,,2,,,,,,,,,,,,,,,,,,,,,,,,,,,,,,,,,,,,,,,,,,,,,,,,,,
Point,3.4169192,6.4368072,way/567150469,,,Radisson Blu Anchorage Hotel Lagos,,hotel,center,,Lagos,,Ozumba Mbadiwe Road,,,commercial,,,Radisson Blu,Q7281341,,,,,,,,,Carlson Hotels,,,,,,,,,,Q108908687,1A,,,,,,,,,en:Radisson Blu,,,,,,,,,,,,,,,,,,,,,,,,,,,,,,,,,,,,,,,,,
Point,3.4087859,6.4434338,way/567150474,,,Westwood Hotel Ikoyi,,hotel,center,,Lagos,,Awolowo Road,,,commercial,,,,,,,,,,,,,,,,,,,,,,,,22,,,,,,,,,,,,,,,,,,,,,,,,,,,,,,,,,,,,,,,,,,,,,,,,,,
Point,3.4072574,6.4307931,way/567150477,,,Federal Palace & Casino,,hotel,center,,Lagos,,Ahmadu Bello Way,,,commercial,,,,,,,,reservations@suninternational.com,"https://commons.wikimedia.org/wiki/File:Federal_palace_hotel,Victoria_island,Lagos.jpg",,,,,,,+23412779000,,,,,http://www.suninternational.com/federal-palace,,Q5440324,6-8,,,,,,Federal Palace Hotel,,,,1960,en:Federal Palace Hotel,,,,,,,,,,,,,,,,,,,,,,,,,,,,,,,,,,,,,,,
Point,3.4301126,6.4270023,way/567964434,,,Eko Hotel,,hotel,center,,,,Adetokunbo Ademola Street,,,commercial,,,,,,,,,,,,,,,,,,,,,,,,,,,,,,,,,,,,,,,,,,,,,,,,,,,,,,,,,,,,,,,,,,,,,,,,,,
Point,3.4168622,6.4330558,way/567964435,,,Atlantic Hotel & Suites,,hotel,center,,,,,,,commercial,,,,,,,,,,,,,,,,,,,,,,,,,,,,,,,,,,,,,,,,,,,,,,,,,,,,,,,,,,,,,,,,,,,,,,,,,,
Point,3.4714018,6.4468877,way/568364469,,,Dover Hotel,,hotel,center,,Lagos,,Olubunmi Owa Street,,,commercial,,,,,,,,,,,,,,,,+234 8036289680,,,,,https://thedoverhotels.com/,,,16,,,,,,Dover Hotel Lekki,,,,,,,,,,,,,,,,,,,,,,,,,,,,,,,,,,,,,,,,,,,,
Point,3.4701759,6.4459028,way/568364472,,,Lilygate Hotel,,hotel,center,,Lagos,,Olubunmi Owa Street,+234 190 49000,,commercial,,,,,,,,info@lilygatelagos.com,,,,,,,,,,,,,https://www.lilygatelagos.com/,,,2,,,,,,Lilygate Hotel Lekki,,,,,,,,,,,,,,,,,,,,,,,,,,,,,,,,,,,,,,,,,,,,
Point,3.3586881,6.5818978,way/568367622,,,Radisson Blu Hotel Lagos Ikeja,,hotel,center,,,,Isaac John Street,,,commercial,,,Radisson Blu,Q7281341,,,,,,,,,,,,,,,,,https://www.radissonblu.com/en/hotel-lagos-ikeja,,,38/40,,,,,,,,,,,,,,,,,,,,,,,,,,,,,,,,,,,,,,,,,,,,,,,,,,
Point,3.3583232,6.5826913,way/568367623,,,Radisson Hotel Lagos Ikeja,,hotel,center,,Ikeja,,Isaac John Street,,,commercial,,,Radisson,Q1751979,,,,,,,,,,,,,,,,,https://www.radisson.com/ikeja-lagos-hotel-ng/loszb,,,42/44,,,,,,,,,,,,,,,,,,,,,,,,,,,,,,,,,,,,,,,,,,,,,,,,,,
Point,3.3578121,6.5836272,way/568367625,,,Primal Hotel,,hotel,center,,Ikeja,,Isaac John Street,,,commercial,,,,,,,,,,,,,,,,,,,,,,,,46,,,,,,,,,,,,,,,,,,,,,,,,,,,,,,,,,,,,,,,,,,,,,,,,,,
Point,3.360298,6.5835338,way/568367630,,,Sheraton Lagos Hotel,,hotel,center,,Ikeja,,Mobolaji Bank-Anthony Way,,,commercial,,,Sheraton,Q634831,,,,,,,,,,,,,,,,,,,,30,,,,,,,,,,,,,,,,,,,,,,,,,,,,,,,,,,,,,,,,,,,,,,,,,,
Point,3.3560327,6.6140127,way/568367633,,,De Renaissance Hotel,,hotel,center,,Ikeja,,Obafemi Awolowo Way,,,commercial,,,,,,,,,,,,,,,,,,,,,,,,172,,,,,,,,,,,,,,,,,,,,,,,,,,,,,,,,,,,,,,,,,,,,,,,,,,
Point,3.3570053,6.6166622,way/568367639,,,Protea Hotel Ikeja Select,,hotel,center,,Ikeja,,Assibifi Road,,,commercial,,,,,,,,,,,,,,,,,,,,,,,,2,,,,,,,,,,,,,,,,,,,,,,,,,,,,,,,,,,,,,,,,,,,,,,,,,,
Point,3.3268589,6.5424715,way/568367647,,,Swiss International D' Palms Airport Hotel,,hotel,center,,Ikeja,,Kolawole Shonibare Street,,,commercial,,,,,,,,,,,,,,,,,,,,,,,,10/12,,,,,,,,,,,,,,,,,,,,,,,,,,,,,,,,,,,,,,,,,,,,,,,,,,
Point,3.3297213,6.5509674,way/568367648,,,Ibis Hotel Lagos Airport,,hotel,center,,,,,,,commercial,,,,,,,,,,,,,,,,,,,,,,,,,,,,,,,,,,,,,,,,,,,,,,,,,,,,,,,,,,,,,,,,,,,,,,,,,,
Point,3.3273775,6.5540533,way/568367652,,,Welcome Centre Hotels,,hotel,center,,Lagos,,International Airport Road,,,commercial,,,,,,,,,,,,,,,,,,,,,,,,70,,,,,,,,,,,,,,,,,,,,,,,,,,,,,,,,,,,,,,,,,,,,,,,,,,
Point,3.3278014,6.5544894,way/568367653,,,Royal View Hotel and Suites,,hotel,center,,Lagos,,Adeola Ajayi Crescent,,,commercial,,,,,,,,,,,,,,,,,,,,,,,,5/7,,,,,,,,,,,,,,,,,,,,,,,,,,,,,,,,,,,,,,,,,,,,,,,,,,
Point,3.4360133,6.4518974,way/570559522,,,The Executive Spot & Hotel,,hotel,center,,Lagos,,Glover Court,,,commercial,,,,,,,,,,,,,,,,,,,,,,,,37,,,,,,,,,,,,,,,,,,,,,,,,,,,,,,,,,,,,,,,,,,,,,,,,,,
Point,3.4135596,6.428767,way/591805690,,,Hotel Victoria Palace,,hotel,center,,,,Danmole Street,,,commercial,,,,,,,,,,,,,,,,,,,,,,,,,,,,,,,,,,,,,,,,,,,,,,,,,,,,,,,,,,,,,,,,,,,,,,,,,,
Point,3.4149762,6.4407297,way/592191596,,,Tivoli Garden Ikoyi Waterfront,,hotel,center,,Lagos,,Olokun Street,,,commercial,,,,,,,,,,,,,,,,,,,,,,,,2/3,,,,,,,,,,,,,,,,,,,,,,,,,,,,,,,,,,,,,,,,,,,,,,,,,,
Point,3.4374461,6.4306435,way/592201412,,,Sphinx Suites,,hotel,center,,,,,,,commercial,,,,,,,,,,,,,,,,,,,,,,,,,,,,,,,,,,,,,,,,,,,,,,,,,,,,,,,,,,,,,,,,,,,,,,,,,,
Point,3.4189042,6.434235,way/593494025,,,Béni Gold,,hotel,center,,Lagos,,Adeleke Adedoyin Street,,,commercial,,,,,,,,,,,,,,,,,,,,,,,,18,,,,,,,,,,,,,,,,,,,,,,,,,,,,,,,,,,,,,,,,,,,,,,,,,,
Point,3.4449572,6.4468866,way/597498804,yes,,The Belmonte Privé,,hotel,center,,Lagos,,Bourdillon Road,,,,,,,,,,,,,,,,,,,+2349070002006,,,,,https://www.belmontenigeria.com/,,,40,,,,,,,,,,,,,,,,,,,,,,,,,,,,,,,,,,,,,,,,,,,,,,,,,,
Point,3.4106564,6.427435,way/599458877,,,Morning Sides Suites,,hotel,center,,Lagos,,Taslim Eliat Close,,,commercial,,,,,,,,,,,,,,,,,,,,,,,Q112011650,11B,,,,,,,,,,,,,,,,,,,,,,,,,,,,,,,,,,,,,,,,,,,,,,,,,,
Point,3.4265257,6.4231843,way/604051558,,,The Avenue Suites,,hotel,center,,,,Tiyamu Savage Street,,,commercial,,,,,,,,,,,,,,,,,,,,,,,,,,,,,,,,,,,,,,,,,,,,,,,,,,,,,,,,,,,,,,,,,,,,,,,,,,
Point,3.54343,6.4434287,way/604715756,,,Orchid Hotel,,hotel,center,,Lagos,,Dreamworld-Africana Way,,,commercial,,,,,,,,,,,,,,,,,,,,,,,,3,,,,,,,,,,,,,,,,,,,,,,,,,,,,,,,,,,,,,,,,,,,,,,,,,,
Point,3.5420773,6.4443978,way/604715761,,,Eastgate Hotel Lagos,,hotel,center,,Lagos,,Dreamworld-Africana Way,,,commercial,,,,,,,,,,,,,,,,,,,,,,,,3,,,,,,,,,,,,,,,,,,,,,,,,,,,,,,,,,,,,,,,,,,,,,,,,,,
Point,3.540443,6.4438737,way/604715767,,,Diamond View Hotel,,hotel,center,,,,,,,commercial,,,,,,,,,,,,,,,,,,,,,,,,,,,,,,,,,,,,,,,,,,,,,,,,,,,,,,,,,,,,,,,,,,,,,,,,,,
Point,3.346702,6.606916,way/610011072,,,Lagos Airport Hotel,,hotel,center,,Ikeja,,Obafemi Awolowo Way,,,commercial,,,,,,,,,,,,,,,,,,,,,,,,111,,,,,,,,,,,,,,,,,,,,,,,,,,,,,,,,,,,,,,,,,,,,,,,,,,
Point,3.4418682,6.4251924,way/610029919,,,Solitude Hotel,,hotel,center,,Lagos,,T.Y. Danjuma Street,,,commercial,,,,,,,,,,,,,,,,,,,,,,,,2,,,,,,,,,,,,,,,,,,,,,,,,,,,,,,,,,,,,,,,,,,,,,,,,,,
Point,3.4286044,6.4258425,way/620981440,,,,,hotel,center,,Lagos,,Adetokunbo Ademola Street,,,,,,,,,,,,,,,,fahrenheit hospitality,,,,,,,,,,,80,,,,,,,,,,,,customers,swimming_pool,,,,,,,,,,,,,,,,,,,,,,,,,,,,,,,,,,,,,
Point,3.4286529,6.4258906,way/620982914,,,,,hotel,center,,,,,,,,,,,,,,,,,,,,,,,,,,,,,,,,,,,,,,,,,,,customers,,parking,no,surface,yes,paved,,,,,,,,,,,,,,,,,,,,,,,,,,,,,,,,
Point,3.3478755,6.6043639,way/622382843,yes,,Haute Aparthotel,,hotel,center,,Ikeja,100282,Alade Avenue,,,,,,,,,,,,,wlan,no,,,,,+234 703 373 5868,,,,,,,,9,,,,,,,,,,,,,,,,,,,NG,,,,,,,,,,,,,,,,,,,,,,,,,,,,,,,
Point,3.3547842,6.5973861,way/625093257,hotel,,Best Western Plus Lagos Ikeja Hotel,,hotel,center,,,,,,,,,,Best Western Plus,Q830334,,,,,,,,,Best Western,,,,,,,,,,,,,,,,,,,,,,,,,,,,,,,6,,,,,,,,,,,,,,,,,,,,,,,,,,,,,,
Point,3.3551621,6.596602,way/625093266,hotel,,Zaaz,,hotel,center,,Ikeja,100281,Allen Avenue,,,,,,,,,,,,,,,,,,,,,,,,http://zaazhotels.com/,,,4,,,,,,,,,,,,,,,,,,,NG,2,Lagos,,,,,,,,,,,,,,,,,,,,,,,,,,,,,
Point,3.4482338,6.4319839,way/625645028,,,Golden Tulip Suites,,hotel,center,,Lagos,,Elegba Festival Drive,+234 8 175545555,,commercial,,,,,,,,,,,,,,,,,,,,,https://www.goldentulip.com/en-us/?sr=OTHER,,,,,,,,,Golden Tulip Oniru Suites Hotel,,,,,,,,,,,,,,,,,,,,,,,,,,,,,,,,,,,,,,,,,,,,
Point,3.4285686,6.4259631,way/625645030,,,Maison Fahrenheit,,hotel,center,,Lagos,,Adetokunbo Ademola Street,,,commercial,,,,,,,"With an unparalleled and stunning design, this “Hip” Luxury Boutique Hotel in the heart of Victoria Island, Lagos offers an encounter like no other.",info@maisonfahrenheit.com,,,,,,,,+234 1 905 4800,,,,,https://www.maisonfahrenheit.com/,,,80,,,,,,Maison Fahrenheit Hotel Victoria Island,,,,,,,,,,,,,,,,,,,,,,,,,,,,,,,,,,,,,,,,,,,,
Point,3.5791571,6.4540219,way/629564865,,,CVilla,,hotel,center,,,,,,,commercial,,,,,,,,,,,,,,,,,,,,,,,,,,,,,,,,,,,,,,,,,,,,,,,,,,,,,,,,,,,,,,,,,,,,,,,,,,
Point,3.3247517,6.5730785,way/629564941,,,"Legend Hotel Lagos Airport, Curio Collection by Hilton",5,hotel,center,,Lagos,,Quits Aviation Free Trade Zone,,,commercial,,,Curio Collection by Hilton,Q19903229,,,,legendhotel.reservations@hilton.com,,wlan,no,,Hilton,,,+234 201 460 8200,,54,no,,https://www.hilton.com/en/hotels/loslhqq-legend-hotel-lagos-airport/,yes,Q111871544,,,,,,,,,,,,,,,,,,,,,,,yes,yes,yes,yes,yes,,,,,,,,,,,,,,,,,,,,,,,,
Point,3.4484942,6.4504211,way/653040824,yes,,Clear essence california spa & wellness resort,,hotel,center,,Ikoyi Lagos,,Alexander Avenue,,,,,,,,,,,reservations@clearessencecaliforniaspa.com,,wlan,,,,,,+2348085867565,,,,,https://www.clearessencecaliforniaspa.com,,,13,,,,,,,,,,,,,,,,,,,,,,,,,,,,,,,,,,,,,,,,,,,,,,,,,,
Point,3.3989302,6.5218256,way/653186159,yes,,Guest House,,hotel,center,,Lagos,,Otunba Payne Street,,,,,,,,,,,,,,,,,,,+234 9099930754,,,,,,,,,,,,,,UNILAG Guest Houses and Conference Center,,,,,,,,,,,,,,,,,,,,,,,,,,,,,,,,,,,,,,,,,,,,
Point,3.3998473,6.4507061,way/740626967,yes,,LOBIM-D hotel,,hotel,center,,,,,,,,,,,,,,,,,,,,,,,,,,,,,,,,,,,,,,,,,,,,,,,,,,,,,,,,,,,,,,,,,,,,,,,,,,,,,,,,,
Point,-8.6965479,37.0956416,node/752069534,,,Atalaia Sol,,hotel,,,Lagos,8600-281,Estrada da Atalaia,+351282782260,http://www.atalaiasol.com/,,,,,,,,,,,wlan,,09:30-18:00,,,,,,,,,,,,lote n 1,,,,,,,,,,,,,,,,,,,,,,,,,,,atalaiasol.lagos@gmail.com,+351282788780,+351911501411,,,,,,,,,,,,,,,,,,,,,
Point,-8.6763185,37.1057626,node/769313739,,2026-04-13,nh Lagos Algarve,,hotel,,,,,Rua António Crisógono dos Santos,,,,,,,,,,,,,,,,Tivoli,,,,,,,,,,,,,,,,,Tivoli Lagos Algarve Resort,,,,,,,,,,,,,,,,,,,,,,,,,,,,,,,,,,,,,,,,,,,,
Point,3.5910092,6.6071729,way/776523033,,,Abvic Executive Hotel,,hotel,center,,,,,,,,,,,,,,,,,,,,,,,,,,,,,,,,,,,,,,,,,,,,,,,,,,,,,,,,,,,,,,,,,,,,,,,,,,,,,,,,,
Point,3.4693732,6.4473166,way/793732387,,,Parktonian Hotel,,hotel,center,,Lagos,,Kayode Animashaun Street,,,commercial,,,,,,,,,,,,,,,,,,,,,https://parktonianhotels.com/lekki/,,,2,,,,,,Parktonian Hotel Lekki,,,,,,,,,,,,,,,,,,,,,,,,,,,,,,,,,,,,,,,,,,,,
Point,3.4926037,6.4351197,way/796421501,,,Parktonian Hotel Ikate,,hotel,center,,Lagos,,Lekki-Epe Expressway,,,commercial,,,,,,,,,,,,,,,,,,,,,,,,,,,,,,,,,,,,,,,,,,,,,,,,,,,,,,,,,,,,,,,,,,,,,,,,,,
Point,3.4928498,6.4351567,way/796421517,,,Sabitex Hotel Lekki,,hotel,center,,Lagos,,Lekki-Epe Expressway,,,commercial,,,,,,,,,,,,,,,,,,,,,,,,,,,,,,,,,,,,,,,,,,,,,,,,,,,,,,,,,,,,,,,,,,,,,,,,,,
Point,-8.6732679,37.1034697,node/851554094,,2026-05-03,Lagosmar,2,hotel,,,Lagos,,Rua Doutor Faria e Silva,,,,yes,,,,,,,,,wlan,no,,,,,+351 282 763 523,,,,,https://lagosmar.com/,,,13,,,,,,,,,,,,,,,,,,,,,,,,,,,,,,,,,,,,,,,,,,,,,,,,,,
Point,-8.6649049,37.1578424,node/909216639,,,Quinta das Barradas,,hotel,,,,,,,,,,,,,,,,,,,,,,,,,,,,,,,,,,,,,,,,,,,,,,,,,,,,,,,,,,,,,,,,,,,,,,,,,,,,,,,,,,
Point,3.4421617,6.4639035,way/922935426,yes,,Parkview Astoria,4,hotel,center,,Lagos,101233,Prince Tayo Adesanya Street,,,,yes,yes,,,,,,info@parkviewastoriahotels.com,,wlan,customers,,,,,+2348164969009,,,,,https://parkviewastoriahotels.com/,,,18/19,,,,,,,,,,,,,,,,,,,,,,,,,,,,,,,,,,,,,,,,,,,,,,,,,,
Point,3.3847106,6.5413325,way/928316788,yes,,Obalenaro hotel,,hotel,center,,,,,,,,,,,,,,,,,,,,,,,,,,,,,,,,,,,,,,,,,,,,,,,,,,,,,,,,,,,,,1,,,,,,,,,,,,,,,,,,,,
Point,-8.6772735,37.0856902,way/987876822,hotel,,Cascade Wellness Resort,,hotel,center,,,,,,,,,,,,,,,,,,,,,,,,,,,,,,,,,,,,,,,,,,,,,,,,,,,,,,,,,,,,,,,,,,,,,,,,,,,,,,,,,
Point,3.4245808,6.445675,way/1042362236,yes,,Villa Angelia,4,hotel,center,,Lagos,101233,Okunola Martins Close,,,,yes,yes,,,,,,booking@villaangeliahotels.com,,wlan,,,,,,+233302790448,,,,,https://villaangeliahotels.com/,,,2/7,,,,,,,,,,,,,,,,,,,,,,,,,,,,,,,,,,,,,,,,,,,,,,,,,,
Point,3.4906726,6.4414994,way/1124312444,yes,,Hotel Madiba,,hotel,center,,,,,,,,,,,,,,,,,,,,,,,,,,,,,,,,,,,,,,,,,,,,,,,,,,,,,,,,,,,,,,,,,,,,,,,,,,,,,,,,,
Point,3.4293046,6.4304604,way/1313780616,yes,,Park Inn by Radisson Serviced Apartments Lagos Victoria Island,,hotel,center,,,,,,,,,,Radisson,,,,,,,,,,,,,,,,,,,,,,,,,,,,,,,,,,,,,,,,,,,,,,,,,,,,,,,,,,,,,,,,,,,,,,,
Point,-8.6864924,37.088268,node/1370111709,,,Villa Mar Azul,,hotel,,,,,,,,,,,,,,,,,,,,,,,,,,,,,,,,,,,,,,,,,,,,,,,,,,,,,,,,,,,,,,,,,,,,,,,,,,,,,,,,,,
Point,3.3533647,6.5841091,way/1442292737,yes,,Hyatt Regency Lagos Ikeja,5,hotel,center,,Lagos,,Ladoke Akintola Street,,,,yes,yes,Hyatt,,,,5-star hotel in Lagos.,,,yes,customers,24/7,Hyatt hotels Corporation,yes,yes,+234 201 700 1234,yes,142,,,https://www.hyatt.com/hyatt-regency/en-US/losrl-hyatt-regency-lagos-ikeja,,Q136504463,17,,,,,,,,,,,,,,,,,,,,,,yes,,,yes,yes,,,,,yes,yes,yes,yes,,,,,,,,,,,,,,,,
Point,-99.5195842,27.4497455,way/1442420119,yes,,,,hotel,center,,,,,,,,,,,,,,,,,,,,,,,,,,,,,,,,,,,,,,,,,,,,,,,,,,,,,,,,,,,,,1,,,,,,,,,,,,,,,,,,,,
Point,3.357183,6.5927608,way/1521332940,yes,,,,hotel,center,,,,,,,,,,,,,,,,,,,,,,,,,,,,,,,,,,,,,,,,,,,,,,,,,,,,,,,,,,,,,,,,,,,,,,,,,,,,,,,,,
Point,3.3574893,6.5928475,way/1521332941,yes,,,,hotel,center,,,,,,,,,,,,,,,,,,,,,,,,,,,,,,,,,,,,,,,,,,,,,,,,,,,,,,,,,,,,,,,,,,,,,,,,,,,,,,,,,
Point,3.4210881,6.4234275,way/1530842307,yes,,VirginRose Resorts,,hotel,center,,,,,,,,,,,,,,,,,,,,,,,,,,,,,,Q109289655,,,,,,,,,,,,,,,,,,,,,,,,,,,,,,,,,,,,,,,,,,,,,,,,,,,
Point,3.4107649,6.4268284,way/1530842309,,,Manuela Residence,,hotel,center,,,,,,,,,,,,,,,,,,,,,,,,,,,,,,Q112011652,,,,,,,,,,,,,,,,,,,,,,,,,,,,,,,,,,,,,,,,,,,,,,,,,,,
Point,3.4224033,6.4273988,way/1530941549,,,Chesney Hotel,,hotel,center,,Lagos,106104,Saka Tinubu Street,,,,,,,,,,,,,,,,,,,,,,,,,,Q112011649,37,,,,,,,,,,,,,,,,,,,,,,,,,,,,,,,,,,,,,,,,,,,,,,,,,,
Point,-8.6701476,37.0930693,node/1904362627,,,IBERLAGOS,,hotel,,,,,Rua Professor Correia Abreu,,,,,,,,,,,,,,,,,,,,,,,,,,,,,,,,,,,,,,,,,,,,,,,,,,,,,,,,,,,,,,,,,,,,,,,,,,,,,
Point,-8.6867577,37.089238,node/2405817731,,,Vila Mos,,hotel,,,,,,,,,,,,,,,,,,,,,,,,,,,,,,,,,,,,,,,,,,,,,,,,,,,,,,,,,,,,,,,,,,,,,,,,,,,,,,,,,,
Point,-8.7725201,37.07279,node/2558962994,,,Hotel Praia do Burgau,,hotel,,,,,,,,,,,,,,,,,,,,,,,,,,,,,,,,,,,,,,Hotel Burgau Turismo de Natureza,,,,,,,,,,,,,,,,,,,,,,,,,,,,,,,,,,,,,,,,,,,,
Point,-8.6719073,37.0898034,node/2923640624,,,Villas D. Dinis,,hotel,,,,,,,,,,,,,,,,,,,,,,,,,,,,,,,,,,,,,,,,,,,,,,,,,,,,,,,,,,,,,,,,,,,,,,,,,,,,,,,,,,
Point,-8.7272447,37.0908418,node/2937040813,,,Luz Serviços,,hotel,,,Luz,8600-160,Rua Direita,,,,,,,,,,,,,,,,,,,+351 282788522,,,,,https://www.luzholidays.com/,,,106,,,,,,,,,,,,,,,,,,,,,,,,,,,,,,,,,,,Self Catering Vacation Rental and Property Management,,,,,,,,,,,,,,,
Point,3.3030774,6.4653626,node/2987173862,,,Golden Tulip,,hotel,,,,,,,,,,,,,,,,,,,,,,,,,,,,,,,,,,,,,,Golden Tulip Festac,,,,,,,,,,,,,,,,,,,,,,,,,,,,,,,,,,,,,,,,,,,,
Point,3.3051173,6.4838242,node/2987186862,,,EUC Demordern Hotel & Suites,,hotel,,,,,,,,,,,,,,,,,,,,,,,,,,,,,,,,,,,,,,,,,,,,,,,,,,,,,,,,,,,,,,,,,,,,,,,,,,,,,,,,,,
Point,3.2950581,6.4661583,node/2987186864,,,Chelsea Suit,,hotel,,,,,,,,,,,,,,,,,,,,,,,,,,,,,,,,,,,,,,,,,,,,,,,,,,,,,,,,,,,,,,,,,,,,,,,,,,,,,,,,,,
Point,3.3033226,6.4811452,node/2991754021,,,Cosmila Hotel & Suites,,hotel,,,,,,,,,,,,,,,,,,,,,,,,,,,,,,,,,,,,,,,,,,,,,,,,,,,,,,,,,,,,,,,,,,,,,,,,,,,,,,,,,,
Point,3.2921088,6.4763575,node/2991767888,,,Benny Hotel,,hotel,,,,,,,,,,,,,,,,,,,,,,,,,,,,,,,,,,,,,,,,,,,,,,,,,,,,,,,,,,,,,,,,,,,,,,,,,,,,,,,,,,
Point,3.3181813,6.4722717,node/3011773362,,,Vila Park,,hotel,,,,,,,,,,,,,,,,,,,,,,,,,,,,,,,,,,,,,,,,,,,,,,,,,,,,,,,,,,,,,,,,,,,,,,,,,,,,,,,,,,
Point,-8.6732498,37.0891522,node/3057461330,,,Costa d'Oiro Ambiance Village,,hotel,,Costa D´Oiro Ambiance Village,,8600-544,Rua da Costa D'Oiro,,,,,,,,,,,info@sonelhotels.com,,wlan,no,,,,,,,,,,https://www.sonelhotels.com/de/index.php,yes,,,,,,,,,,,,,,,,,,,,,PT,,,,,,,,,,,,,,,,,Lagos,,,,,,,,,,,,,,
Point,-8.7254813,37.0900715,node/3202396809,,,Baia da Luz,,hotel,,,Lagos,8600-160,Rua Alfredo Nascimento Batista,,,,,,,,,,,,,wlan,,,,,,+351 282 790 882,,,,,https://www.baiadaluz.com/,,,Lt 35,,,,,,,,,,,,,,,,,,,,,,,,,,,,,,,,,,,,,,,,,,,,,,,,,,
Point,-8.6723852,37.1011551,node/4238855897,,,Cidade Velha,,hotel,,,,,Rua Doutor Joaquim Tello,,,,,,,,,,,,,,,,,,,+351 282 762041,,,,,,,,7,,,,,,,,,,,,,,,,,,,,,,,,,,,,,,,,,,,,,,,,,,,,,,,,,,
Point,-8.6745036,37.0950656,node/4262823191,,,Montemar,3,hotel,,,,,,,,,,,,,,,,,,,,,,,,,,,,,,,,,,,,,,,,,,,,,,,,,,,,,,,,,,,,,,,,,,,,,,,,,,,,,,,,,,
Point,-8.6786501,37.0916298,node/4369769334,,,Vila Branca Apartments,,hotel,,,,,,,,,,,,,,,,,,,,,MyTours,,,,,,,,,,,,,,,,,,,,,,,,,,,,,,,,,,,,,,,,,,,,,,,,,,,,,,,,,,,,,
Point,-8.7702994,37.0930551,node/4377148223,,,Casa Brybeg,,hotel,,,,,,,,,,,,,,,,,,,,,,,,,,,,,,,,,,,,,,,,,,,,,,,,,,,,,,,,,,,,,,,,,,,,,Casa Brybeg,Casa Brybeg,,,,,,,,,,,,
Point,3.3601255,6.4395095,node/4394496092,,,Carliza,,hotel,,,,,,,,,,,,,,,,,,,,,,,,,,,,,,,,,,,,,,,,,,,,,,,,,,,,,,,,,,,,,,,,,,,,,,,,,,,,,,,,,,
Point,3.4368574,6.4269148,node/4579125791,,,Signature suites,,hotel,,,,23401,Young Bashorun Street,,,,,,,,,,,,,wlan,,24/7,mrs kash,,,01 454 1407,,,,,,,,23,,,,,,,Signature suites,,,,,,,,,,,,,,,,,,,,,,,,,,,,,,,,,,,,,,,,,,,
Point,3.9470229,6.5880209,node/4701822802,,,,,hotel,,,,,,,,,,,,,,,,,,,,,,,,,,,,,,,,,,,,,,,,,,,,,,,,,,,,,,,,,,,,,,,,,,,,,,,,,,,,,,,,,,
Point,3.420588,6.4309878,node/4755897331,,,B.B.Q. 'R' US Hotel (aka Moonways Hotel Ltd.),,hotel,,,,,Akin-Olugbade Street,,,,,,,,,,,,,wlan,,,,,,,,,,,,,,6,,,,,,,B.B.Q. 'R' US Hotel (aka Moonways Hotel Ltd.),,,,,,,,,,,,,,,,,,,,,,,,,,,,,,,,,,,,,,,,,,,
Point,3.3279946,6.5157556,node/4917613299,,,Emota Hotel,,hotel,,,,,Mabinuori Street,,,,,,,,,,,,,,,,,,,,,,,,,,,,,,,,,,,,,,,,,,,,,,,,,,,,,,,,,,,,,,,,,,,,,,,,,,,,,
Point,3.3251125,6.553904,node/5206471428,,,West view hotel,,hotel,,,,100263,Stella Osholanke street,,,,,,,,,,,,,,,,,,,,,,,,,,,,,,,,,,,,,,,,,,,,,,,,,,,,,,,,,,,,,,,,,,,,,,,,,,,,,
Point,3.3251595,6.5539262,node/5206471623,,,West view hotel,,hotel,,,,100263,Stella Osholanke street,,,,,,,,,,,,,,,,,,,,,,,,,,,1,,,,,,,,,,,,,,,,,,,,,,,,,,,,,,,,,,,,,,,,,,,,,,,,,,
Point,3.2779087,6.5446364,node/5665683282,,,Five Star,,hotel,,,,,,,,,,,,,,,,,,,,,,,,,,,,,,,,,,,,,,,,,,,,,,,,,,,,,,,,,,,,,,,,,,,,,,,,,,,,,,,,,,
Point,3.3288811,6.5517342,node/5665683330,,,Ibis Royale,,hotel,,,,,,,,,,,,,,,,,,,,,,,,,,,,,,,,,,,,,,,,,,,,,,,,,,,,,,,,,,,,,,,,,,,,,,,,,,,,,,,,,,
Point,3.3257688,6.5459064,node/5665683331,,,Feligold,,hotel,,,,,,,,,,,,,,,,,,,,,,,,,,,,,,,,,,,,,,,,,,,,,,,,,,,,,,,,,,,,,,,,,,,,,,,,,,,,,,,,,,
Point,-99.5195514,27.4495095,node/5745169005,,,Real Inn Hotel,,hotel,,,,,,,,,,,,,,,,,,,,,,,,+52 867 711 0300,,,,,,,,,,,,,,,,,,,,,,,,,,,,,,,,,,,,,,,,,,,,,,,,,,,,,,,,,,
Point,3.4352505,6.4324851,node/6294975385,,,Caravel Suites,,hotel,,,,,,,,,,,,,,,,,,wlan,,,,,,,,,,,,,,,,,,,,,,,,,,,,,,,,,,,,,,,,,,,,,,,,,,,,,,,,,,,,,,,,
Point,3.3324411,6.5681149,node/6400283759,,,Ehi Guest House,,hotel,,,,,,,,,,,,,,,,,,,,,,,,,,,,,,,,,,,,,,,,,,,,,,,,,,,,,,,,,,,,,,,,,,,,,,,,,,,,,,,,,,
Point,-8.6822529,37.0851395,node/6419620226,,,Boutique Hotel Vivenda Miranda,,hotel,,,,,,,,,,,,,,,,,,,,,,,,,,,,,,,,,,,,,,,,,,,,,,,,,,,,,,,,,,,,,,,,,,,,,,,,,,,,,,,,,,
Point,3.3156485,6.4712371,node/6641717465,,,De Santiago Milan Hotel & Suites,,hotel,,,,,,,,,,,,,https://www.facebook.com/DeSantiagoMilanHotelAndSuites/,,,info@desantiagomilanhotel.com,,,,,,,,"+234 814 369 0381, +234 813 940 7462, +234 818 397 1577",,,,,https://desantiagomilanhotel.com/,,,,,,,,,,,,,,,,,,,,,,,,,,,,,,,,,,,,,,,,,,,,,,,,,,,,,
Point,3.3608795,6.4480362,node/6848253286,,,Rockview,,hotel,,,,,,,,,,,,,,,,,,wlan,,,,,,,,,,,,,,,,,,,,,,,,,,,,,,,,,,,,,,,,,,,,,,,,,,,,,,,,,,,,,,,,
Point,3.3445304,6.6202264,node/6992566379,,,Glonik Hotels,,hotel,,,,,,,,,,,,,,,,,,,,,,,,,,,,,,,,,,,,,,,,,,,,,,,,,,,,,,,,,,,,,,,,,,,,,,,,,,,,,,,,,,
Point,3.2705806,6.5457512,node/8111902147,,,Nik Chuks Lodge,,hotel,,,Egbe,100263,Nik Chuks Street,,,,,,Lodging & Accomodation,,,,A single floor Unit with Twin Shops as a frontal display.,,,wlan,yes,,,,,,,11,,,,,,7,,,,,,,,,,,,,,,,,,,,,,,,,,,,,,,,,,,,,,,Nik Chuks Lodge Wifi,,,,,,,,,,,
Point,3.6253604,6.4732944,node/8813109568,,,The Patron Hôtel,,hotel,,,,,,,,,,,,,,,,,,,,,,,,,,,,,,,,,,,,,,,,,,,,,,,,,,,,,,,,,,,,,,,,,,,,,,,,,,,,,,,,,,
Point,3.6111436,6.4276485,node/8813127787,,,Barracuda Garden,,hotel,,,,,,,,,,,,,,,,,,,,,,,,,,,,,,,,,,,,,,,,,,,,,,,,,,,,,,,,,,,,,,,,,,,,,,,,,,,,,,,,,,
Point,3.4478166,6.4236201,node/9125922843,,,Landmark Towers,,hotel,,,,,,,,,,,,,,,"Hotel, Office and Restaurant",,,,,,,,,,,,,,,,,,,,,,,,,,,,,,,,,,,,,,,,,,,,,,,,,,,,,,,,,,,,,,,,,,,
Point,-8.6730196,37.0988025,node/9233181617,,2026-04-15,,,hotel,,,,,,,,,,,,,,,,,,,,,,,,,,,,,,,,,,,,,,,City Center Lagos Guest House,,,,,,,,,,,,,,,,,,,,,,,,,,,,,,,,,,,,,,,,,,,
Point,3.4569646,6.4481194,node/9703726801,,,Hotel Seanbels,,hotel,,,,,,,,,,,,,,,,,,,,,,,,,,,,,,,,,,,,,,,,,,,,,,,,,,,,,,,,,,,,,,,,,,,,,,,,,,,,,,,,,,
Point,3.4375262,6.4270855,node/10215220421,,,Divine Fountain Hotel VI,,hotel,,,,,,,,,,,,,,,,,,,,,,,,,,,,,,,,,,,,,,,,,,,,,,,,,,,,,,,,,,,,,,,,,,,,,,,,,,,,,,,,,,
Point,3.3529185,6.6024309,node/10215240522,,,Citilane Royal Hotel,,hotel,,,,,,,,,,,,,,,,,,,,,,,,,,,,,,,,,,,,,,,,,,,,,,,,,,,,,,,,,,,,,,,,,,,,,,,,,,,,,,,,,,
Point,2.8883892,6.4156997,node/10215240523,,,Hotel Hunwaji,,hotel,,,,,,,,,,,,,,,,,,,,,,,,,,,,,,,,,,,,,,,,,,,,,,,,,,,,,,,,,,,,,,,,,,,,,,,,,,,,,,,,,,
Point,-8.6721754,37.1020691,node/10699579067,,2026-05-12,Mar Azul,,hotel,,,,,Rua 25 de Abril 1974,,,,,,,,,,,,,,,,,,,,,,,,,,,13,,,,,,,,,,,,,,,,,,,,,,,,,,,,,,,,,,,,,,,,,,,,,,,,,,
Point,2.8850847,6.415818,node/10759790605,,,Kappo Hotel,,hotel,,,,,,,,,,,,,,,,,,,,,,,,,,,,,,,,,,,,,,,,,,,,,,,,,,,,,,,,,,,,,,,,,,,,,,,,,,,,,,,,,,
Point,3.430344,6.4282745,node/11055746805,,,Eco Gardens,,hotel,,,,,,,,,,,,,,,,,,,,,,,,,,,,,,,,,,,,,,,,,,,,,,,,,,,,,,,,,,,,,,,,,,,,,,,,,,,,,,,,,,
Point,3.3576827,6.5834674,node/11085414005,,,Radisson ikeja,,hotel,,,,,,,,,,,Radisson,Q1751979,,,,,,,,,,,,,,,,,,,,,,,,,,,,,,,,,,,,,,,,,,,,,,,,,,,,,,,,,,,,,,,,,,,,,,
Point,-8.6715803,37.1002505,node/11249527438,,2026-04-08,The Salty Lodge,,hotel,,,,8600-623,Rua Silva Lopes,,,,,,,,,,,,,,,,,,,+351 928 024 920,,,,,https://www.saltylodge.com/,,,,,,,,,,,,,,,,,,,,,,,,,,,,,,,,,,,,,,,,,,,,,,,,,,,,,
Point,-8.6597606,37.113344,node/11265020854,,2023-10-15,Dom Pedro,,hotel,,,,,,,,,,,,,,,,,,,,,,,,,,,,,,,,,,,,,,,,,,,,,,,,,,,,,,,,,,,,,,,,,,,,,,,,,,,,,,,,,,
Point,-8.6752732,37.1030117,node/11375079247,,2026-04-07,Casa Mãe,,hotel,,,,,,,,,,,,,,,,,,,,,,,,,,,,,,,,,,,,,,,,,,,,,,,,,,,,,,,,,,,,,,,,,,,,,,,,,,,,,,,,,,
Point,-8.6703898,37.0984824,node/11386282369,,2026-04-07,Casa Paula Apartments,,hotel,,,,,Rua Miguel Bombarda,,,,,,,,,,,,,,,,,,,,,,,,https://www.hoteisdirect.com/casa-paula-apartments/,,,23,,,,,,,,,,,,,,,,,,,,,,,,,,,,,,,,,,,,,,,,,,,,,,,,,,
Point,3.3038188,6.6237919,node/11408650551,,2023-12-11,Goldlux Hotel,2,hotel,,,,,,,,,,,,,,,,,,no,customers,,,,,,,,,local knowledge,,yes,,,,,,,,,,,,,,,,,,,,,,,,,yes,,yes,yes,,,,,,,,,,,,,,,,,,,,,,,,
Point,3.4455867,6.457807,node/11993373489,,,Sun Heaven Hotel Ikoyi,,hotel,,,Ikoyi,101233,Onikoyi Lane,,,,yes,,Sun Heaven Hotels & Resort,,,,,info.ikoyi@sun-heavens.com,,wlan,no,,,,,+2349035628306,,72,,,https://www.sun-heavens.com,,,,,,,,,,,,,,,,,,,,,,,,,,,,,,,,,,,,,,,,,,,,,,,,,,,,,
Point,-8.6532971,37.1165898,node/12135260542,,,Vila Palmeira,,hotel,,,,,,,,,,,,,,,,,,,,,,,,,,,,,,,,,,,,,,,,,,,,,,,,,,,,,,,,,,,,,,,,,,,,,,,,,,,,,,,,,,
Point,3.427575,6.608955,node/12281519657,,,Edaneh hotel and lodge events center,,hotel,,,,,,,,,,,,,,,,,,,,,private/individual,,,,,,,,,,,,,,,,,,,,,,,,,,,,,,,,,,,,,,,,,,,,,,,,,,,private/individual,gps,functional,,,,,,,,
Point,3.414418,6.609014,node/12281519658,,,E74 hotel garden and suites,,hotel,,,,,,,,,,,,,,,,,,,,,private/individual,,,,,,,,,,,,,,,,,,,,,,,,,,,,,,,,,,,,,,,,,,,,,,,,,,,private/individual,gps,functional,,,,,,,,
Point,3.421345,6.606808,node/12281519659,,,Dehinbo hotel and suites,,hotel,,,,,,,,,,,,,,,,,,,,,private/individual,,,,,,,,,,,,,,,,,,,,,,,,,,,,,,,,,,,,,,,,,,,,,,,,,,,private/individual,gps,functional,,,,,,,,
Point,3.2373164,6.526959,node/12287951313,,,Desakin,,hotel,,,,,,,,,,,,,,,,,,,,,private/ individual,,,,,,,survey,,,,,,,,,,,,,,,,,,,,,,,,,,,,,,,,,,,,,,,,,,,,,,functional,fun and relaxation,yes,yes,yes,yes,yes,yes,
Point,3.2380968,6.5284094,node/12287951314,,,Hotel under construction,,hotel,,,,,,,,,,,,,,,,,,,,,private/ individual,,,,,,,survey,,,,,,,,,,,,,,,,,,,,,,,,,,,,,,,,,,,,,,,,,,,,,,non-functional,still under construction,no,yes,no,yes,yes,yes,
Point,3.2363592,6.5244875,node/12287951315,,,Cleanheart Hotel,,hotel,,,,,,,,,,,,,,,,,,,,,private/ individual,,,,,,,survey,,,,,,,,,,,,,,,,,,,,,,,,,,,,,,,,,,,,,,,,,,,,,,functional,hotel purposes,no,yes,yes,yes,yes,yes,
Point,3.2342553,6.526174,node/12287951316,,,Angel Hotel Phase 2,,hotel,,,,,,,,,,,,,,,,,,,,,private/ individual,,,,,,,survey,,,,,,,,,,,,,,,,,,,,,,,,,,,,,,,,,,,,,,,,,,,,,,functional,lodging and accomodations,yes,yes,yes,yes,yes,yes,
Point,3.3578333,6.5999393,node/12357956574,,,Work and Play place,,hotel,,,,,,,,,,,,,,,,,,,,,,,,,,,,,,,,,,,,,,,,,,,,,,,,,,,,,,,,,,,,,,,,,,,,,,,,,,,,,,,,,,
Point,-8.7377862,37.1555216,node/12568792822,,,,,hotel,,,,,,,,,,,,,,,,,,,,,,,,,,,,,,,,,,,,,,,,,,,,,,,,,,,,,,,,,,,,,,,,,,,,,,,,,,,,,,,,,,
Point,3.5130915,6.4398216,node/12785621435,,,Mayhill Hotel,,hotel,,,,,,,,,,,,,,,,hello@mayhillhotel.com.ng,,,,,,,,,,,,,https://mayhillhotel.com,,,,,,,,,,,,,,,,,,,,,,,,,,,,,,,,,,,,,,,,,,,,,,,,,,,,,
Point,3.3891462,6.6061732,node/13031519774,,,Paulson Hotel,,hotel,,,,,"Anibaba street opposite Oluwalogbon school, ketu",,,,,,,,,,,,,,,,,,,,,,,,,,,,,,,,,,,,,,,,,,,,,,,,,,,,,,,,,,,,,,,,,,,,,,,,,,,,,
Point,-8.6742058,37.0885137,node/13154840009,,,The Editory by the Sea Lagos,,hotel,,,,,,+351 282 119 260,https://www.editoryhotels.com/by-the-sea-lagos/,,,,,,,,,,,,,,,,,,,,,,,,,,,,,,,,,,,,,,,,,,,,,,,,,,,,,,,,,,,,,,,,,,,,,,,,,,,
Point,-8.7031074,37.1144499,node/13479192076,,,Casa Monte Cristo Apartments,,hotel,,,,,,,,,,,Casa Monte Cristo Collection,,,,,theteam@casamontecristo.com,,,,,Casa Monte Cristo Limited,,,+351 934 633 856,,,,,https://casamontecristo.com/,,Q137858751,,,,,,,,,,,,,,,,,,,,,,,,,,,,,,,,,,,,,,,,,,,,,,,,,,,
Point,-8.7024208,37.1143879,node/13479192077,,,Casa Monte Cristo Too,,hotel,,,,,,,,,,,Casa Monte Cristo Collection,,,,,theteam@casamontecristo.com,,,,,,,,+351 934 633 856,,,,,https://casamontecristo.com/,,,,,,,,,,,,,,,,,,,,,,,,,,,,,,,,,,,,,,,,,,,,,,,,,,,,,
Point,-8.7019679,37.1135232,node/13479192078,,,Casa Monte Cristo Tres,,hotel,,,,,,,,,,,Casa Monte Cristo Tres,,,,,theteam@casamontecristo.com,,,,,,,,+351 934 633 856,,,,,https://casamontecristo.com/,,,,,,,,,,,,,,,,,,,,,,,,,,,,,,,,,,,,,,,,,,,,,,,,,,,,,
Point,-8.7046972,37.1145198,node/13479197250,,,Casa Monte Cristo IV,,hotel,,,,,,,,,,,Casa Monte Cristo Collection,,,,,theteam@casamontecristo.com,,,,,,,,+351 934 633 856,,,,,https://casamontecristo.com/,,,,,,,,,,,,,,,,,,,,,,,,,,,,,,,,,,,,,,,,,,,,,,,,,,,,,
Point,-8.7044056,37.1150085,node/13479197251,,,Casa Monte Cristo Cinco,,hotel,,,,,,,,,,,Casa Monte Cristo Collection,,,,,theteam@casamontecristo.com,,,,,,,,+351 934 633 856,,,,,https://casamontecristo.com/,,,,,,,,,,,,,,,,,,,,,,,,,,,,,,,,,,,,,,,,,,,,,,,,,,,,,villa
Point,-8.7038953,37.115793,node/13479197252,,,Casa Monte Cristo Seis,,hotel,,,,,,,,,,,Casa Monte Cristo Collection,,,,,theteam@casamontecristo.com,,,,,,,,+351 934 633 856,,,,,https://casamontecristo.com/,,,,,,,,,,,,,,,,,,,,,,,,,,,,,,,,,,,,,,,,,,,,,,,,,,,,,
Point,-8.6720092,37.1017359,node/13931427656,,2026-06-12,Agua Hotels Lagos Bay,,hotel,,,,,Rua 25 de Abril 1974,,,,,,,,,,,,,,,,,,,,,,,,,,,39,,,,,,,,,,,,,,,,,,,,,,,,,,,,,,,,,,,,,,,,,,,,,,,,,,
Point,3.4211279,6.4346018,node/13953171064,,,Lala's Boutique Hotel,,hotel,,,Lagos,,Sapara Williams Close,,,,,,,,,,,,,,,,,,,,,,,,,,Q113171237,251A,,,,,,,,,,,,,,,,,,,,,,,,,,,,,,,,,,,,,,,,,,,,,,,,,,
